parcel_number,property_address,owner_name,sale_price,sale_date,property_value,assessed_value,market_value,taxable_value,square_footage,lot_size,acres,municipality,zoning,mail_address,mail_city_state_zip,homesteaded,property_type,property_use,account_number,folio_number,deed_book,year_built,bedrooms,bathrooms,half_baths,neighborhood,subdivision,land_use_code,building_class,tax_amount,exemption_amount,school_district,additional_info,record_url,extraction_date,page_number
"$12,750,000",107 BOWSPRIT DR,NORTH PALM BEACH,,,,,,,,,,,,,,,,,,,,,,,,,,,,,,,,https://pbcpao.gov/AdvSearch/GetSalesSearch#,2025-11-24 14:20:40,1
"$2,632,510",,NORTH PALM BEACH,,,,,,,,,,,,,,,,,,,,,,,,,,,,,,,,https://pbcpao.gov/AdvSearch/GetSalesSearch#,2025-11-24 14:20:40,1
2022-10-21,,NORTH PALM BEACH,,,$10,,,,,,,,,,,,,,,,,,,,,,,,,,,,,https://pbcpao.gov/AdvSearch/GetSalesSearch#,2025-11-24 14:20:40,1
"$4,000,000",107 BOWSPRIT DR,NORTH PALM BEACH,,,,,,,,,,,,,,,,,,,,,,,,,,,,,,,,https://pbcpao.gov/AdvSearch/GetSalesSearch#,2025-11-24 14:20:40,1
"$4,400,000",640 KINGFISH RD,NORTH PALM BEACH,,,,,,,,,,,,,,,,,,,,,,,,,,,,,,,,https://pbcpao.gov/AdvSearch/GetSalesSearch#,2025-11-24 14:20:41,1
"$2,550,000",38 STATION RD,NORTH PALM BEACH,,,,,,,,,,,,,,,,,,,,,,,,,,,,,,,,https://pbcpao.gov/AdvSearch/GetSalesSearch#,2025-11-24 14:20:41,1
"$1,900,000",,NORTH PALM BEACH,,,,,,,,,,,,,,,,,,,,,,,,,,,,,,,,https://pbcpao.gov/AdvSearch/GetSalesSearch#,2025-11-24 14:20:41,1
"$2,600,000",PALM BEACH GARDENS FL 33410 3232,NORTH PALM BEACH,,,,,,,,,,,,,,,,,,,,,,,,,,,,,,,,https://pbcpao.gov/AdvSearch/GetSalesSearch#,2025-11-24 14:20:41,1
"$1,800,000",736 LAGOON DR,NORTH PALM BEACH,,,,,,,,,,,,,,,,,,,,,,,,,,,,,,,,https://pbcpao.gov/AdvSearch/GetSalesSearch#,2025-11-24 14:20:41,1
"$1,750,000",16201 E MAIN ST,NORTH PALM BEACH,,,,,,,,,,,,,,,,,,,,,,,,,,,,,,,,https://pbcpao.gov/AdvSearch/GetSalesSearch#,2025-11-24 14:20:41,1
"$1,750,000",16201 E MAIN ST,NORTH PALM BEACH,,,,,,,,,,,,,,,,,,,,,,,,,,,,,,,,https://pbcpao.gov/AdvSearch/GetSalesSearch#,2025-11-24 14:20:41,1
"$4,000,000",230 S MAIN ST,NORTH PALM BEACH,,,,,,,,,,,,,,,,,,,,,,,,,,,,,,,,https://pbcpao.gov/AdvSearch/GetSalesSearch#,2025-11-24 14:20:41,1
2019-10-10,842 LAKESIDE DR,NORTH PALM BEACH,,,$10,,,,,,,,,,,,,,,,,,,,,,,,,,,,,https://pbcpao.gov/AdvSearch/GetSalesSearch#,2025-11-24 14:20:42,1
"$1,901,250",866 LAKESIDE DR,NORTH PALM BEACH,,,,,,,,,,,,,,,,,,,,,,,,,,,,,,,,https://pbcpao.gov/AdvSearch/GetSalesSearch#,2025-11-24 14:20:42,1
"$2,300,000",842 LAKESIDE DRIVE LLC,NORTH PALM BEACH,,,,,,,,,,,,,,,,,,,,,,,,,,,,,,,,https://pbcpao.gov/AdvSearch/GetSalesSearch#,2025-11-24 14:20:42,1
2009-05-13,WEST PALM BEACH FL 33407 2954,NORTH PALM BEACH,,,$10,,,,,,,,,,,,,,,,,,,,,,,,,,,,,https://pbcpao.gov/AdvSearch/GetSalesSearch#,2025-11-24 14:20:42,1
"$1,350,000",878 LAKESIDE DR,NORTH PALM BEACH,,,,,,,,,,,,,,,,,,,,,,,,,,,,,,,,https://pbcpao.gov/AdvSearch/GetSalesSearch#,2025-11-24 14:20:42,1
"$3,600,000",100 DAVIT DR,NORTH PALM BEACH,,,,,,,,,,,,,,,,,,,,,,,,,,,,,,,,https://pbcpao.gov/AdvSearch/GetSalesSearch#,2025-11-24 14:20:42,1
2015-09-07,100 DAVIT DR,NORTH PALM BEACH,,,$100,,,,,,,,,,,,,,,,,,,,,,,,,,,,,https://pbcpao.gov/AdvSearch/GetSalesSearch#,2025-11-24 14:20:42,1
"$825,000",108 S ANCHORAGE DR S,ANCHORAGE PROPERTIES LTD,,,,,,,,,,,,,,,,,,,,,,,,,,,,,,,,https://pbcpao.gov/AdvSearch/GetSalesSearch#,2025-11-24 14:20:42,1
"$1,445,089",,ANDERSON DAVID,,,,,,,,,,,,,,,,,,,,,,,,,,,,,,,,https://pbcpao.gov/AdvSearch/GetSalesSearch#,2025-11-24 14:20:42,1
2024-04-29,,ANDERSON DAVID H SR,,,$10,,,,,,,,,,,,,,,,,,,,,,,,,,,,,https://pbcpao.gov/AdvSearch/GetSalesSearch#,2025-11-24 14:20:42,1
"$380,000",PALM BEACH GARDENS FL 33410 3232,ANDERSON R CASSIAN,,,,,,,,,,,,,,,,,,,,,,,,,,,,,,,,https://pbcpao.gov/AdvSearch/GetSalesSearch#,2025-11-24 14:20:42,1
"$5,730,000",PALM BEACH GARDENS FL 33410 3231,NORTH PALM BEACH,,,,,,,,,,,,,,,,,,,,,,,,,,,,,,,,https://pbcpao.gov/AdvSearch/GetSalesSearch#,2025-11-24 14:20:42,1
2022-01-31,ANTHONY J FERRANTE TRUST,NORTH PALM BEACH,,,$10,,,,,,,,,,,,,,,,,,,,,,,,,,,,,https://pbcpao.gov/AdvSearch/GetSalesSearch#,2025-11-24 14:20:42,1
"$525,000",640 KINGFISH RD,ARCH ENT INC,,,,,,,,,,,,,,,,,,,,,,,,,,,,,,,,https://pbcpao.gov/AdvSearch/GetSalesSearch#,2025-11-24 14:20:42,1
"$595,000",,ARCH ENTERPRISES INC,,,,,,,,,,,,,,,,,,,,,,,,,,,,,,,,https://pbcpao.gov/AdvSearch/GetSalesSearch#,2025-11-24 14:20:42,1
"$525,000",PALM BEACH GARDENS FL 33410 4408,NORTH PALM BEACH,,,,,,,,,,,,,,,,,,,,,,,,,,,,,,,,https://pbcpao.gov/AdvSearch/GetSalesSearch#,2025-11-24 14:20:43,1
"$1,800,000",842 LAKESIDE DR,ARCHBELL JAMES,,,,,,,,,,,,,,,,,,,,,,,,,,,,,,,,https://pbcpao.gov/AdvSearch/GetSalesSearch#,2025-11-24 14:20:43,1
"$3,850,000",,NORTH PALM BEACH,,,,,,,,,,,,,,,,,,,,,,,,,,,,,,,,https://pbcpao.gov/AdvSearch/GetSalesSearch#,2025-11-24 14:20:43,1
1999-01-20,561 GREENWAY DR,ATHEY GERALDINE F,,,$100,,,,,,,,,,,,,,,,,,,,,,,,,,,,,https://pbcpao.gov/AdvSearch/GetSalesSearch#,2025-11-24 14:20:43,1
2003-08-01,3355 MARTIN FARM RD STE 100,NORTH PALM BEACH,,,$0,,,,,,,,,,,,,,,,,,,,,,,,,,,,,https://pbcpao.gov/AdvSearch/GetSalesSearch#,2025-11-24 14:20:43,1
"$2,200,000",3355 MARTIN FARM RD STE 100,NORTH PALM BEACH,,,,,,,,,,,,,,,,,,,,,,,,,,,,,,,,https://pbcpao.gov/AdvSearch/GetSalesSearch#,2025-11-24 14:20:43,1
"$2,650,000",,BABER PARASMO JANET,,,,,,,,,,,,,,,,,,,,,,,,,,,,,,,,https://pbcpao.gov/AdvSearch/GetSalesSearch#,2025-11-24 14:20:43,1
2001-01-16,617 KINGFISH RD,BACHMAN ALICE R,,,$100,,,,,,,,,,,,,,,,,,,,,,,,,,,,,https://pbcpao.gov/AdvSearch/GetSalesSearch#,2025-11-24 14:20:43,1
2004-11-12,,NORTH PALM BEACH,,,$100,,,,,,,,,,,,,,,,,,,,,,,,,,,,,https://pbcpao.gov/AdvSearch/GetSalesSearch#,2025-11-24 14:20:43,1
2009-08-27,,NORTH PALM BEACH,,,$10,,,,,,,,,,,,,,,,,,,,,,,,,,,,,https://pbcpao.gov/AdvSearch/GetSalesSearch#,2025-11-24 14:20:43,1
2016-06-06,,BACON JOHN D TR,,,$10,,,,,,,,,,,,,,,,,,,,,,,,,,,,,https://pbcpao.gov/AdvSearch/GetSalesSearch#,2025-11-24 14:20:43,1
2009-08-27,,BACON MARIAN B TR,,,$10,,,,,,,,,,,,,,,,,,,,,,,,,,,,,https://pbcpao.gov/AdvSearch/GetSalesSearch#,2025-11-24 14:20:43,1
2004-10-19,,BAGOCIUS MARY S,,,$1,,,,,,,,,,,,,,,,,,,,,,,,,,,,,https://pbcpao.gov/AdvSearch/GetSalesSearch#,2025-11-24 14:20:43,1
"$400,000",,BAIN DONNA PUGLIANO,,,,,,,,,,,,,,,,,,,,,,,,,,,,,,,,https://pbcpao.gov/AdvSearch/GetSalesSearch#,2025-11-24 14:20:43,1
"$3,750,000",,NORTH PALM BEACH,,,,,,,,,,,,,,,,,,,,,,,,,,,,,,,,https://pbcpao.gov/AdvSearch/GetSalesSearch#,2025-11-24 14:20:43,1
"$3,040,000",PALM BEACH GARDENS FL 33410 3232,NORTH PALM BEACH,,,,,,,,,,,,,,,,,,,,,,,,,,,,,,,,https://pbcpao.gov/AdvSearch/GetSalesSearch#,2025-11-24 14:20:43,1
2019-09-18,PALM BEACH GARDENS FL 33410 3232,NORTH PALM BEACH,,,$10,,,,,,,,,,,,,,,,,,,,,,,,,,,,,https://pbcpao.gov/AdvSearch/GetSalesSearch#,2025-11-24 14:20:43,1
"$2,130,000",640 KINGFISH RD,NORTH PALM BEACH,,,,,,,,,,,,,,,,,,,,,,,,,,,,,,,,https://pbcpao.gov/AdvSearch/GetSalesSearch#,2025-11-24 14:20:44,1
2011-08-18,640 KINGFISH RD,NORTH PALM BEACH,,,$1,,,,,,,,,,,,,,,,,,,,,,,,,,,,,https://pbcpao.gov/AdvSearch/GetSalesSearch#,2025-11-24 14:20:44,1
"$6,200,000",713 WATERWAY DR,NORTH PALM BEACH,,,,,,,,,,,,,,,,,,,,,,,,,,,,,,,,https://pbcpao.gov/AdvSearch/GetSalesSearch#,2025-11-24 14:20:44,1
"$7,700,000",736 LAGOON DR,BARTASI GINA W,,,,,,,,,,,,,,,,,,,,,,,,,,,,,,,,https://pbcpao.gov/AdvSearch/GetSalesSearch#,2025-11-24 14:20:45,1
"$1,640,000",654 SHORE RD,NORTH PALM BEACH,,,,,,,,,,,,,,,,,,,,,,,,,,,,,,,,https://pbcpao.gov/AdvSearch/GetSalesSearch#,2025-11-24 14:20:45,1
"$2,500,000",776 HARBOUR ISLE CT,BAUHINIA INC,,,,,,,,,,,,,,,,,,,,,,,,,,,,,,,,https://pbcpao.gov/AdvSearch/GetSalesSearch#,2025-11-24 14:20:45,1
"$1,150,000",788 LAKESIDE DR,NORTH PALM BEACH,,,,,,,,,,,,,,,,,,,,,,,,,,,,,,,,https://pbcpao.gov/AdvSearch/GetSalesSearch#,2025-11-24 14:21:00,2
"$7,475,000",,NORTH PALM BEACH,,,,,,,,,,,,,,,,,,,,,,,,,,,,,,,,https://pbcpao.gov/AdvSearch/GetSalesSearch#,2025-11-24 14:21:00,2
2004-01-30,BETTONTE STEFANIA,NORTH PALM BEACH,,,$10,,,,,,,,,,,,,,,,,,,,,,,,,,,,,https://pbcpao.gov/AdvSearch/GetSalesSearch#,2025-11-24 14:21:00,2
2000-05-15,BETTONTE STEFANIA TR,NORTH PALM BEACH,,,$0,,,,,,,,,,,,,,,,,,,,,,,,,,,,,https://pbcpao.gov/AdvSearch/GetSalesSearch#,2025-11-24 14:21:00,2
"$525,000",BETTONTE STEFANIA TR,NORTH PALM BEACH,,,,,,,,,,,,,,,,,,,,,,,,,,,,,,,,https://pbcpao.gov/AdvSearch/GetSalesSearch#,2025-11-24 14:21:01,2
"$1,050,000",BEVEVINO STEPHEN R &,NORTH PALM BEACH,,,,,,,,,,,,,,,,,,,,,,,,,,,,,,,,https://pbcpao.gov/AdvSearch/GetSalesSearch#,2025-11-24 14:21:01,2
"$470,000",,NORTH PALM BEACH,,,,,,,,,,,,,,,,,,,,,,,,,,,,,,,,https://pbcpao.gov/AdvSearch/GetSalesSearch#,2025-11-24 14:21:01,2
"$470,000",12358 RIDGE RD,NORTH PALM BEACH,,,,,,,,,,,,,,,,,,,,,,,,,,,,,,,,https://pbcpao.gov/AdvSearch/GetSalesSearch#,2025-11-24 14:21:01,2
2003-01-07,,BICKNELL LYDABELLE,,,$10,,,,,,,,,,,,,,,,,,,,,,,,,,,,,https://pbcpao.gov/AdvSearch/GetSalesSearch#,2025-11-24 14:21:01,2
2015-03-17,764 WATERWAY DR,BIE EUGENE F,,,$10,,,,,,,,,,,,,,,,,,,,,,,,,,,,,https://pbcpao.gov/AdvSearch/GetSalesSearch#,2025-11-24 14:21:01,2
2011-06-10,713 WATERWAY DR,NORTH PALM BEACH,,,$10,,,,,,,,,,,,,,,,,,,,,,,,,,,,,https://pbcpao.gov/AdvSearch/GetSalesSearch#,2025-11-24 14:21:01,2
2011-06-10,713 WATERWAY DR,NORTH PALM BEACH,,,$10,,,,,,,,,,,,,,,,,,,,,,,,,,,,,https://pbcpao.gov/AdvSearch/GetSalesSearch#,2025-11-24 14:21:01,2
2016-11-03,713 WATERWAY DR,NORTH PALM BEACH,,,$10,,,,,,,,,,,,,,,,,,,,,,,,,,,,,https://pbcpao.gov/AdvSearch/GetSalesSearch#,2025-11-24 14:21:01,2
"$550,000",PALM BEACH GARDENS FL 33410 4417,BLUM BRUCE,,,,,,,,,,,,,,,,,,,,,,,,,,,,,,,,https://pbcpao.gov/AdvSearch/GetSalesSearch#,2025-11-24 14:21:01,2
"$1,985,000",527 N SWINTON AVE,NORTH PALM BEACH,,,,,,,,,,,,,,,,,,,,,,,,,,,,,,,,https://pbcpao.gov/AdvSearch/GetSalesSearch#,2025-11-24 14:21:01,2
"$4,350,000",830 LAKESIDE DR,BOSWELL HOLLY R,,,,,,,,,,,,,,,,,,,,,,,,,,,,,,,,https://pbcpao.gov/AdvSearch/GetSalesSearch#,2025-11-24 14:21:01,2
"$3,050,000",PALM BEACH GARDENS FL 33410 3231,NORTH PALM BEACH,,,,,,,,,,,,,,,,,,,,,,,,,,,,,,,,https://pbcpao.gov/AdvSearch/GetSalesSearch#,2025-11-24 14:21:01,2
"$765,000",PALM BEACH GARDENS FL 33410 4408,NORTH PALM BEACH,,,,,,,,,,,,,,,,,,,,,,,,,,,,,,,,https://pbcpao.gov/AdvSearch/GetSalesSearch#,2025-11-24 14:21:01,2
"$1,650,000",842 LAKESIDE DR,BOYLE KYLE G,,,,,,,,,,,,,,,,,,,,,,,,,,,,,,,,https://pbcpao.gov/AdvSearch/GetSalesSearch#,2025-11-24 14:21:01,2
2004-04-29,PALM BEACH GARDENS FL 33410 4417,BOZZUTO MICHAEL A,,,$10,,,,,,,,,,,,,,,,,,,,,,,,,,,,,https://pbcpao.gov/AdvSearch/GetSalesSearch#,2025-11-24 14:21:01,2
"$3,540,000",PALM BEACH GARDENS FL 33410 4417,BOZZUTO MICHAEL A,,,,,,,,,,,,,,,,,,,,,,,,,,,,,,,,https://pbcpao.gov/AdvSearch/GetSalesSearch#,2025-11-24 14:21:01,2
"$2,400,000",CHESHIRE CT 06410 0873,BOZZUTO MICHAEL A,,,,,,,,,,,,,,,,,,,,,,,,,,,,,,,,https://pbcpao.gov/AdvSearch/GetSalesSearch#,2025-11-24 14:21:02,2
"$2,700,000",PALM BEACH GARDENS FL 33410 4408,NORTH PALM BEACH,,,,,,,,,,,,,,,,,,,,,,,,,,,,,,,,https://pbcpao.gov/AdvSearch/GetSalesSearch#,2025-11-24 14:21:02,2
"$1,250,000",649 RIVERSIDE RD,NORTH PALM BEACH,,,,,,,,,,,,,,,,,,,,,,,,,,,,,,,,https://pbcpao.gov/AdvSearch/GetSalesSearch#,2025-11-24 14:21:02,2
"$670,000",,NORTH PALM BEACH,,,,,,,,,,,,,,,,,,,,,,,,,,,,,,,,https://pbcpao.gov/AdvSearch/GetSalesSearch#,2025-11-24 14:21:02,2
"$735,000",106 DAVIT DR,NORTH PALM BEACH,,,,,,,,,,,,,,,,,,,,,,,,,,,,,,,,https://pbcpao.gov/AdvSearch/GetSalesSearch#,2025-11-24 14:21:02,2
2024-09-26,106 DAVIT DR,NORTH PALM BEACH,,,$10,,,,,,,,,,,,,,,,,,,,,,,,,,,,,https://pbcpao.gov/AdvSearch/GetSalesSearch#,2025-11-24 14:21:02,2
"$703,250",BROUGH RICHARD A JR &,NORTH PALM BEACH,,,,,,,,,,,,,,,,,,,,,,,,,,,,,,,,https://pbcpao.gov/AdvSearch/GetSalesSearch#,2025-11-24 14:21:02,2
1985-07-01,WEST PALM BEACH FL 33401 5308,NORTH PALM BEACH,,,$100,,,,,,,,,,,,,,,,,,,,,,,,,,,,,https://pbcpao.gov/AdvSearch/GetSalesSearch#,2025-11-24 14:21:02,2
2010-08-03,WEST PALM BEACH FL 33401 5308,NORTH PALM BEACH,,,$10,,,,,,,,,,,,,,,,,,,,,,,,,,,,,https://pbcpao.gov/AdvSearch/GetSalesSearch#,2025-11-24 14:21:02,2
"$3,375,000",12358 RIDGE RD,NORTH PALM BEACH,,,,,,,,,,,,,,,,,,,,,,,,,,,,,,,,https://pbcpao.gov/AdvSearch/GetSalesSearch#,2025-11-24 14:21:02,2
"$2,800,000",,NORTH PALM BEACH,,,,,,,,,,,,,,,,,,,,,,,,,,,,,,,,https://pbcpao.gov/AdvSearch/GetSalesSearch#,2025-11-24 14:21:02,2
2013-02-22,BURKLUND BERNARD B JR &,NORTH PALM BEACH,,,$10,,,,,,,,,,,,,,,,,,,,,,,,,,,,,https://pbcpao.gov/AdvSearch/GetSalesSearch#,2025-11-24 14:21:02,2
2011-08-17,,BURKLUND MARGARET,,,$10,,,,,,,,,,,,,,,,,,,,,,,,,,,,,https://pbcpao.gov/AdvSearch/GetSalesSearch#,2025-11-24 14:21:02,2
2013-02-13,,BURKLUND MARGARET E,,,$10,,,,,,,,,,,,,,,,,,,,,,,,,,,,,https://pbcpao.gov/AdvSearch/GetSalesSearch#,2025-11-24 14:21:02,2
"$600,000",,BURRIS LINDA,,,,,,,,,,,,,,,,,,,,,,,,,,,,,,,,https://pbcpao.gov/AdvSearch/GetSalesSearch#,2025-11-24 14:21:02,2
"$4,500,000",619 RIVERSIDE RD,NORTH PALM BEACH,,,,,,,,,,,,,,,,,,,,,,,,,,,,,,,,https://pbcpao.gov/AdvSearch/GetSalesSearch#,2025-11-24 14:21:02,2
"$408,885",754 LAKESIDE DR,NORTH PALM BEACH,,,,,,,,,,,,,,,,,,,,,,,,,,,,,,,,https://pbcpao.gov/AdvSearch/GetSalesSearch#,2025-11-24 14:21:02,2
"$4,950,000",PALM BEACH GARDENS FL 33410 4408,BUYUK EROL,,,,,,,,,,,,,,,,,,,,,,,,,,,,,,,,https://pbcpao.gov/AdvSearch/GetSalesSearch#,2025-11-24 14:21:02,2
"$1,300,000",107 EBBTIDE DR,BYERS JOHN C,,,,,,,,,,,,,,,,,,,,,,,,,,,,,,,,https://pbcpao.gov/AdvSearch/GetSalesSearch#,2025-11-24 14:21:03,2
2003-12-18,508 ANCHORAGE DR,NORTH PALM BEACH,,,$10,,,,,,,,,,,,,,,,,,,,,,,,,,,,,https://pbcpao.gov/AdvSearch/GetSalesSearch#,2025-11-24 14:21:03,2
"$865,000",PALM BEACH GARDENS FL 33410 4417,CABRAL WENDY S,,,,,,,,,,,,,,,,,,,,,,,,,,,,,,,,https://pbcpao.gov/AdvSearch/GetSalesSearch#,2025-11-24 14:21:03,2
"$9,003,275",100 EBBTIDE DR,NORTH PALM BEACH,,,,,,,,,,,,,,,,,,,,,,,,,,,,,,,,https://pbcpao.gov/AdvSearch/GetSalesSearch#,2025-11-24 14:21:03,2
"$2,300,000",789 HARBOUR ISLES CT,NORTH PALM BEACH,,,,,,,,,,,,,,,,,,,,,,,,,,,,,,,,https://pbcpao.gov/AdvSearch/GetSalesSearch#,2025-11-24 14:21:03,2
"$825,000",,CANEEL BAY LTD,,,,,,,,,,,,,,,,,,,,,,,,,,,,,,,,https://pbcpao.gov/AdvSearch/GetSalesSearch#,2025-11-24 14:21:03,2
"$1,200,000",800 RED MILLS RD,CASA APAVA LLC,,,,,,,,,,,,,,,,,,,,,,,,,,,,,,,,https://pbcpao.gov/AdvSearch/GetSalesSearch#,2025-11-24 14:21:03,2
"$3,200,000",CASTRO THALLYGEE &,NORTH PALM BEACH,,,,,,,,,,,,,,,,,,,,,,,,,,,,,,,,https://pbcpao.gov/AdvSearch/GetSalesSearch#,2025-11-24 14:21:03,2
2002-04-25,PALM BEACH GARDENS FL 33410 3231,CATALFUMO DANIEL S,,,$10,,,,,,,,,,,,,,,,,,,,,,,,,,,,,https://pbcpao.gov/AdvSearch/GetSalesSearch#,2025-11-24 14:21:03,2
2009-06-01,PALM BEACH GARDENS FL 33410 3231,NORTH PALM BEACH,,,$10,,,,,,,,,,,,,,,,,,,,,,,,,,,,,https://pbcpao.gov/AdvSearch/GetSalesSearch#,2025-11-24 14:21:03,2
"$1,092,500",PALM BEACH GARDENS FL 33410 3231,CATALFUMO DANIEL S TR,,,,,,,,,,,,,,,,,,,,,,,,,,,,,,,,https://pbcpao.gov/AdvSearch/GetSalesSearch#,2025-11-24 14:21:03,2
"$1,829,700",CERASARO ADRIANO &,NORTH PALM BEACH,,,,,,,,,,,,,,,,,,,,,,,,,,,,,,,,https://pbcpao.gov/AdvSearch/GetSalesSearch#,2025-11-24 14:21:17,3
2013-09-06,,CERASARO KATHLEEN M,,,$10,,,,,,,,,,,,,,,,,,,,,,,,,,,,,https://pbcpao.gov/AdvSearch/GetSalesSearch#,2025-11-24 14:21:17,3
"$629,000",924 SHORE DR,CFISHC LLC,,,,,,,,,,,,,,,,,,,,,,,,,,,,,,,,https://pbcpao.gov/AdvSearch/GetSalesSearch#,2025-11-24 14:21:17,3
"$2,632,000",PALM BEACH GARDENS FL 33410 4417,NORTH PALM BEACH,,,,,,,,,,,,,,,,,,,,,,,,,,,,,,,,https://pbcpao.gov/AdvSearch/GetSalesSearch#,2025-11-24 14:21:18,3
"$950,000",527 N SWINTON AVE,NORTH PALM BEACH,,,,,,,,,,,,,,,,,,,,,,,,,,,,,,,,https://pbcpao.gov/AdvSearch/GetSalesSearch#,2025-11-24 14:21:18,3
"$4,350,000",830 LAKESIDE DR,NORTH PALM BEACH,,,,,,,,,,,,,,,,,,,,,,,,,,,,,,,,https://pbcpao.gov/AdvSearch/GetSalesSearch#,2025-11-24 14:21:18,3
"$1,550,000",16201 E MAIN ST,NORTH PALM BEACH,,,,,,,,,,,,,,,,,,,,,,,,,,,,,,,,https://pbcpao.gov/AdvSearch/GetSalesSearch#,2025-11-24 14:21:18,3
2008-10-08,16201 E MAIN ST,NORTH PALM BEACH,,,$10,,,,,,,,,,,,,,,,,,,,,,,,,,,,,https://pbcpao.gov/AdvSearch/GetSalesSearch#,2025-11-24 14:21:18,3
"$2,934,000",PALM BEACH GARDENS FL 33410 3231,NORTH PALM BEACH,,,,,,,,,,,,,,,,,,,,,,,,,,,,,,,,https://pbcpao.gov/AdvSearch/GetSalesSearch#,2025-11-24 14:21:18,3
"$1,919,000",107 BOWSPRIT DR,NORTH PALM BEACH,,,,,,,,,,,,,,,,,,,,,,,,,,,,,,,,https://pbcpao.gov/AdvSearch/GetSalesSearch#,2025-11-24 14:21:18,3
"$650,000",737 WATERWAY DR,NORTH PALM BEACH,,,,,,,,,,,,,,,,,,,,,,,,,,,,,,,,https://pbcpao.gov/AdvSearch/GetSalesSearch#,2025-11-24 14:21:18,3
"$3,858,000",100 BOWSPRIT DR,NORTH PALM BEACH,,,,,,,,,,,,,,,,,,,,,,,,,,,,,,,,https://pbcpao.gov/AdvSearch/GetSalesSearch#,2025-11-24 14:21:18,3
"$3,064,460",PALM BEACH GARDENS FL 33410 4416,NORTH PALM BEACH,,,,,,,,,,,,,,,,,,,,,,,,,,,,,,,,https://pbcpao.gov/AdvSearch/GetSalesSearch#,2025-11-24 14:21:18,3
"$625,000",508 ANCHORAGE DR,NORTH PALM BEACH,,,,,,,,,,,,,,,,,,,,,,,,,,,,,,,,https://pbcpao.gov/AdvSearch/GetSalesSearch#,2025-11-24 14:21:18,3
"$4,106,125",,CRAIN JOHNNY L,,,,,,,,,,,,,,,,,,,,,,,,,,,,,,,,https://pbcpao.gov/AdvSearch/GetSalesSearch#,2025-11-24 14:21:18,3
"$500,000",PALM BEACH GARDENS FL 33410 3231,NORTH PALM BEACH,,,,,,,,,,,,,,,,,,,,,,,,,,,,,,,,https://pbcpao.gov/AdvSearch/GetSalesSearch#,2025-11-24 14:21:18,3
"$425,000",PALM BEACH GARDENS FL 33410 3231,NORTH PALM BEACH,,,,,,,,,,,,,,,,,,,,,,,,,,,,,,,,https://pbcpao.gov/AdvSearch/GetSalesSearch#,2025-11-24 14:21:18,3
"$550,000",818 LAKESIDE DR,NORTH PALM BEACH,,,,,,,,,,,,,,,,,,,,,,,,,,,,,,,,https://pbcpao.gov/AdvSearch/GetSalesSearch#,2025-11-24 14:21:18,3
"$2,300,000",,NORTH PALM BEACH,,,,,,,,,,,,,,,,,,,,,,,,,,,,,,,,https://pbcpao.gov/AdvSearch/GetSalesSearch#,2025-11-24 14:21:18,3
2025-08-27,DAUBERT FLORIDA COMMUNITY PROPERTY TRUST,NORTH PALM BEACH,,,$0,,,,,,,,,,,,,,,,,,,,,,,,,,,,,https://pbcpao.gov/AdvSearch/GetSalesSearch#,2025-11-24 14:21:18,3
"$400,000",,DAUBERT JACK S,,,,,,,,,,,,,,,,,,,,,,,,,,,,,,,,https://pbcpao.gov/AdvSearch/GetSalesSearch#,2025-11-24 14:21:19,3
"$720,000",119 DAVIT DR,DAVIT DEVELOPMENT LLC,,,,,,,,,,,,,,,,,,,,,,,,,,,,,,,,https://pbcpao.gov/AdvSearch/GetSalesSearch#,2025-11-24 14:21:19,3
"$45,000",1125 COUNTRY CLUB DR,NORTH PALM BEACH,,,,,,,,,,,,,,,,,,,,,,,,,,,,,,,,https://pbcpao.gov/AdvSearch/GetSalesSearch#,2025-11-24 14:21:19,3
"$835,000",654 SHORE RD,DESANTIS GISELE,,,,,,,,,,,,,,,,,,,,,,,,,,,,,,,,https://pbcpao.gov/AdvSearch/GetSalesSearch#,2025-11-24 14:21:19,3
"$1,775,000",107 BOWSPRIT DR,DEZIEL LAWRENCE P,,,,,,,,,,,,,,,,,,,,,,,,,,,,,,,,https://pbcpao.gov/AdvSearch/GetSalesSearch#,2025-11-24 14:21:19,3
2018-10-23,PALM BEACH GARDENS FL 33410 4408,NORTH PALM BEACH,,,$0,,,,,,,,,,,,,,,,,,,,,,,,,,,,,https://pbcpao.gov/AdvSearch/GetSalesSearch#,2025-11-24 14:21:19,3
"$1,850,000",PALM BEACH GARDENS FL 33410 4408,NORTH PALM BEACH,,,,,,,,,,,,,,,,,,,,,,,,,,,,,,,,https://pbcpao.gov/AdvSearch/GetSalesSearch#,2025-11-24 14:21:19,3
"$7,100,000",736 LAGOON DR,DIPIANO FAMILY REALTY LLC,,,,,,,,,,,,,,,,,,,,,,,,,,,,,,,,https://pbcpao.gov/AdvSearch/GetSalesSearch#,2025-11-24 14:21:19,3
"$2,800,000",3355 MARTIN FARM RD STE 100,NORTH PALM BEACH,,,,,,,,,,,,,,,,,,,,,,,,,,,,,,,,https://pbcpao.gov/AdvSearch/GetSalesSearch#,2025-11-24 14:21:19,3
2016-10-20,751 HUMMINGBIRD WAY 1,NORTH PALM BEACH,,,$10,,,,,,,,,,,,,,,,,,,,,,,,,,,,,https://pbcpao.gov/AdvSearch/GetSalesSearch#,2025-11-24 14:21:19,3
2023-04-07,751 HUMMINGBIRD WAY 1,NORTH PALM BEACH,,,$10,,,,,,,,,,,,,,,,,,,,,,,,,,,,,https://pbcpao.gov/AdvSearch/GetSalesSearch#,2025-11-24 14:21:19,3
2011-04-13,PALM BEACH GARDENS FL 33410 4217,DUNLEAVY DOUGLAS V,,,$0,,,,,,,,,,,,,,,,,,,,,,,,,,,,,https://pbcpao.gov/AdvSearch/GetSalesSearch#,2025-11-24 14:21:19,3
2019-07-25,PALM BEACH GARDENS FL 33410 3416,NORTH PALM BEACH,,,$10,,,,,,,,,,,,,,,,,,,,,,,,,,,,,https://pbcpao.gov/AdvSearch/GetSalesSearch#,2025-11-24 14:21:19,3
2019-07-25,PALM BEACH GARDENS FL 33410 3416,NORTH PALM BEACH,,,$10,,,,,,,,,,,,,,,,,,,,,,,,,,,,,https://pbcpao.gov/AdvSearch/GetSalesSearch#,2025-11-24 14:21:19,3
"$3,500,000",,NORTH PALM BEACH,,,,,,,,,,,,,,,,,,,,,,,,,,,,,,,,https://pbcpao.gov/AdvSearch/GetSalesSearch#,2025-11-24 14:21:19,3
"$3,300,000",PALM BEACH GARDENS FL 33410 3232,NORTH PALM BEACH,,,,,,,,,,,,,,,,,,,,,,,,,,,,,,,,https://pbcpao.gov/AdvSearch/GetSalesSearch#,2025-11-24 14:21:19,3
2015-05-13,PALM BEACH GARDENS FL 33410 3232,NORTH PALM BEACH,,,$10,,,,,,,,,,,,,,,,,,,,,,,,,,,,,https://pbcpao.gov/AdvSearch/GetSalesSearch#,2025-11-24 14:21:19,3
1975-01-01,COSTA MESA CA 92626 4624,NORTH PALM BEACH,,,$100,,,,,,,,,,,,,,,,,,,,,,,,,,,,,https://pbcpao.gov/AdvSearch/GetSalesSearch#,2025-11-24 14:21:19,3
"$4,500,000",AUSTIN TX 78733 3264,NORTH PALM BEACH,,,,,,,,,,,,,,,,,,,,,,,,,,,,,,,,https://pbcpao.gov/AdvSearch/GetSalesSearch#,2025-11-24 14:21:20,3
"$2,000,000",PALM BEACH GARDENS FL 33410 3231,EVERITT W D JR,,,,,,,,,,,,,,,,,,,,,,,,,,,,,,,,https://pbcpao.gov/AdvSearch/GetSalesSearch#,2025-11-24 14:21:20,3
2020-05-26,PALM BEACH GARDENS FL 33410 3231,NORTH PALM BEACH,,,$10,,,,,,,,,,,,,,,,,,,,,,,,,,,,,https://pbcpao.gov/AdvSearch/GetSalesSearch#,2025-11-24 14:21:20,3
"$2,600,000",PALM BEACH GARDENS FL 33410 4417,FADDOUL MOURICE,,,,,,,,,,,,,,,,,,,,,,,,,,,,,,,,https://pbcpao.gov/AdvSearch/GetSalesSearch#,2025-11-24 14:21:20,3
2018-03-08,PALM BEACH GARDENS FL 33410 4417,NORTH PALM BEACH,,,$10,,,,,,,,,,,,,,,,,,,,,,,,,,,,,https://pbcpao.gov/AdvSearch/GetSalesSearch#,2025-11-24 14:21:20,3
2018-03-15,1132 COUNTRY CLUB DR,NORTH PALM BEACH,,,$10,,,,,,,,,,,,,,,,,,,,,,,,,,,,,https://pbcpao.gov/AdvSearch/GetSalesSearch#,2025-11-24 14:21:20,3
"$775,000",789 HARBOUR ISLES CT,FDC DEV CO,,,,,,,,,,,,,,,,,,,,,,,,,,,,,,,,https://pbcpao.gov/AdvSearch/GetSalesSearch#,2025-11-24 14:21:20,3
"$2,547,500",,FERRANTE ANTHONY J,,,,,,,,,,,,,,,,,,,,,,,,,,,,,,,,https://pbcpao.gov/AdvSearch/GetSalesSearch#,2025-11-24 14:21:20,3
"$2,675,000",5302 GRAND LAKE ST,NORTH PALM BEACH,,,,,,,,,,,,,,,,,,,,,,,,,,,,,,,,https://pbcpao.gov/AdvSearch/GetSalesSearch#,2025-11-24 14:21:20,3
1988-01-01,812 LAKESIDE DR,NORTH PALM BEACH,,,$100,,,,,,,,,,,,,,,,,,,,,,,,,,,,,https://pbcpao.gov/AdvSearch/GetSalesSearch#,2025-11-24 14:21:20,3
"$2,670,220",107 BOWSPRIT DR,FOGHORN LLC,,,,,,,,,,,,,,,,,,,,,,,,,,,,,,,,https://pbcpao.gov/AdvSearch/GetSalesSearch#,2025-11-24 14:21:20,3
"$317,500",,NORTH PALM BEACH,,,,,,,,,,,,,,,,,,,,,,,,,,,,,,,,https://pbcpao.gov/AdvSearch/GetSalesSearch#,2025-11-24 14:21:20,3
"$460,000",3355 MARTIN FARM RD STE 100,NORTH PALM BEACH,,,,,,,,,,,,,,,,,,,,,,,,,,,,,,,,https://pbcpao.gov/AdvSearch/GetSalesSearch#,2025-11-24 14:21:35,4
"$500,000",789 HARBOUR ISLES CT,G W PURUCKER HOMES,,,,,,,,,,,,,,,,,,,,,,,,,,,,,,,,https://pbcpao.gov/AdvSearch/GetSalesSearch#,2025-11-24 14:21:35,4
"$3,250,000",PALM BEACH GARDENS FL 33410 4417,NORTH PALM BEACH,,,,,,,,,,,,,,,,,,,,,,,,,,,,,,,,https://pbcpao.gov/AdvSearch/GetSalesSearch#,2025-11-24 14:21:36,4
"$2,100,000",GARDNER WILLIAM &,NORTH PALM BEACH,,,,,,,,,,,,,,,,,,,,,,,,,,,,,,,,https://pbcpao.gov/AdvSearch/GetSalesSearch#,2025-11-24 14:21:36,4
"$2,021,000",119 DAVIT DR,NORTH PALM BEACH,,,,,,,,,,,,,,,,,,,,,,,,,,,,,,,,https://pbcpao.gov/AdvSearch/GetSalesSearch#,2025-11-24 14:21:36,4
2010-03-09,119 DAVIT DR,NORTH PALM BEACH,,,$10,,,,,,,,,,,,,,,,,,,,,,,,,,,,,https://pbcpao.gov/AdvSearch/GetSalesSearch#,2025-11-24 14:21:36,4
2013-10-17,924 SHORE DR,NORTH PALM BEACH,,,$10,,,,,,,,,,,,,,,,,,,,,,,,,,,,,https://pbcpao.gov/AdvSearch/GetSalesSearch#,2025-11-24 14:21:36,4
"$3,132,693",101 BOWSPRIT DR,NORTH PALM BEACH,,,,,,,,,,,,,,,,,,,,,,,,,,,,,,,,https://pbcpao.gov/AdvSearch/GetSalesSearch#,2025-11-24 14:21:36,4
"$3,750,000",1132 COUNTRY CLUB DR,NORTH PALM BEACH,,,,,,,,,,,,,,,,,,,,,,,,,,,,,,,,https://pbcpao.gov/AdvSearch/GetSalesSearch#,2025-11-24 14:21:36,4
"$425,000",PALM BEACH GARDENS FL 33410 4417,GIAQUINTO PETER B JR,,,,,,,,,,,,,,,,,,,,,,,,,,,,,,,,https://pbcpao.gov/AdvSearch/GetSalesSearch#,2025-11-24 14:21:36,4
2001-05-31,230 S MAIN ST,NORTH PALM BEACH,,,$10,,,,,,,,,,,,,,,,,,,,,,,,,,,,,https://pbcpao.gov/AdvSearch/GetSalesSearch#,2025-11-24 14:21:36,4
2002-11-18,654 RIVERSIDE RD,GLATTHORN DAVID J,,,$10,,,,,,,,,,,,,,,,,,,,,,,,,,,,,https://pbcpao.gov/AdvSearch/GetSalesSearch#,2025-11-24 14:21:36,4
2018-07-18,654 RIVERSIDE RD,GLATTHORN DAVID J TR,,,$10,,,,,,,,,,,,,,,,,,,,,,,,,,,,,https://pbcpao.gov/AdvSearch/GetSalesSearch#,2025-11-24 14:21:36,4
"$660,000",38 STATION RD,GLEMBOCKI DIANNE L,,,,,,,,,,,,,,,,,,,,,,,,,,,,,,,,https://pbcpao.gov/AdvSearch/GetSalesSearch#,2025-11-24 14:21:36,4
"$2,500,000",PALM BEACH GARDENS FL 33410 4416,NORTH PALM BEACH,,,,,,,,,,,,,,,,,,,,,,,,,,,,,,,,https://pbcpao.gov/AdvSearch/GetSalesSearch#,2025-11-24 14:21:36,4
"$3,785,000",640 KINGFISH RD,GOODWIN JAMES T,,,,,,,,,,,,,,,,,,,,,,,,,,,,,,,,https://pbcpao.gov/AdvSearch/GetSalesSearch#,2025-11-24 14:21:36,4
"$2,100,000",PALM BEACH GARDENS FL 33410 4416,GREENBERG RONALD E,,,,,,,,,,,,,,,,,,,,,,,,,,,,,,,,https://pbcpao.gov/AdvSearch/GetSalesSearch#,2025-11-24 14:21:36,4
"$4,500,000",,NORTH PALM BEACH,,,,,,,,,,,,,,,,,,,,,,,,,,,,,,,,https://pbcpao.gov/AdvSearch/GetSalesSearch#,2025-11-24 14:21:36,4
"$1,700,000",788 LAKESIDE DR,NORTH PALM BEACH,,,,,,,,,,,,,,,,,,,,,,,,,,,,,,,,https://pbcpao.gov/AdvSearch/GetSalesSearch#,2025-11-24 14:21:36,4
"$415,000",617 KINGFISH RD,GRUNWALD CARL W,,,,,,,,,,,,,,,,,,,,,,,,,,,,,,,,https://pbcpao.gov/AdvSearch/GetSalesSearch#,2025-11-24 14:21:36,4
"$2,984,500",HABANSKY SHERRI A TRUST,NORTH PALM BEACH,,,,,,,,,,,,,,,,,,,,,,,,,,,,,,,,https://pbcpao.gov/AdvSearch/GetSalesSearch#,2025-11-24 14:21:37,4
2005-09-19,,HABANSKY WILLIAM S JR,,,$1,,,,,,,,,,,,,,,,,,,,,,,,,,,,,https://pbcpao.gov/AdvSearch/GetSalesSearch#,2025-11-24 14:21:37,4
2021-04-15,,HABANSKY WILLIAM S JR,,,$10,,,,,,,,,,,,,,,,,,,,,,,,,,,,,https://pbcpao.gov/AdvSearch/GetSalesSearch#,2025-11-24 14:21:37,4
2022-04-07,,HABANSKY WILLIAM S JR,,,$10,,,,,,,,,,,,,,,,,,,,,,,,,,,,,https://pbcpao.gov/AdvSearch/GetSalesSearch#,2025-11-24 14:21:37,4
"$5,800,000",812 LAKESIDE DR,NORTH PALM BEACH,,,,,,,,,,,,,,,,,,,,,,,,,,,,,,,,https://pbcpao.gov/AdvSearch/GetSalesSearch#,2025-11-24 14:21:37,4
"$2,200,000",776 HARBOUR ISLE CT,HANGER ROBERT G,,,,,,,,,,,,,,,,,,,,,,,,,,,,,,,,https://pbcpao.gov/AdvSearch/GetSalesSearch#,2025-11-24 14:21:37,4
"$525,000",CHESHIRE CT 06410 0873,HARBINGER LUXURY HOMES,,,,,,,,,,,,,,,,,,,,,,,,,,,,,,,,https://pbcpao.gov/AdvSearch/GetSalesSearch#,2025-11-24 14:21:37,4
"$2,250,000",764 WATERWAY DR,NORTH PALM BEACH,,,,,,,,,,,,,,,,,,,,,,,,,,,,,,,,https://pbcpao.gov/AdvSearch/GetSalesSearch#,2025-11-24 14:21:37,4
2017-01-04,764 WATERWAY DR,NORTH PALM BEACH,,,$10,,,,,,,,,,,,,,,,,,,,,,,,,,,,,https://pbcpao.gov/AdvSearch/GetSalesSearch#,2025-11-24 14:21:37,4
"$1,775,000",PALM BEACH GARDENS FL 33410 4408,HARTING GARY,,,,,,,,,,,,,,,,,,,,,,,,,,,,,,,,https://pbcpao.gov/AdvSearch/GetSalesSearch#,2025-11-24 14:21:38,4
"$2,450,000",,NORTH PALM BEACH,,,,,,,,,,,,,,,,,,,,,,,,,,,,,,,,https://pbcpao.gov/AdvSearch/GetSalesSearch#,2025-11-24 14:21:38,4
"$170,000",619 RIVERSIDE RD,NORTH PALM BEACH,,,,,,,,,,,,,,,,,,,,,,,,,,,,,,,,https://pbcpao.gov/AdvSearch/GetSalesSearch#,2025-11-24 14:21:38,4
"$2,650,000",PALM BEACH GARDENS FL 33410 3232,NORTH PALM BEACH,,,,,,,,,,,,,,,,,,,,,,,,,,,,,,,,https://pbcpao.gov/AdvSearch/GetSalesSearch#,2025-11-24 14:21:38,4
"$2,600,000",PALM BEACH GARDENS FL 33410 3231,NORTH PALM BEACH,,,,,,,,,,,,,,,,,,,,,,,,,,,,,,,,https://pbcpao.gov/AdvSearch/GetSalesSearch#,2025-11-24 14:21:38,4
"$3,300,000",10834 BIRKDALE CT,NORTH PALM BEACH,,,,,,,,,,,,,,,,,,,,,,,,,,,,,,,,https://pbcpao.gov/AdvSearch/GetSalesSearch#,2025-11-24 14:21:38,4
2022-10-24,,NORTH PALM BEACH,,,$10,,,,,,,,,,,,,,,,,,,,,,,,,,,,,https://pbcpao.gov/AdvSearch/GetSalesSearch#,2025-11-24 14:21:38,4
"$3,125,000",230 S MAIN ST,NORTH PALM BEACH,,,,,,,,,,,,,,,,,,,,,,,,,,,,,,,,https://pbcpao.gov/AdvSearch/GetSalesSearch#,2025-11-24 14:21:38,4
"$2,800,000",527 N SWINTON AVE,NORTH PALM BEACH,,,,,,,,,,,,,,,,,,,,,,,,,,,,,,,,https://pbcpao.gov/AdvSearch/GetSalesSearch#,2025-11-24 14:21:38,4
"$2,800,000",754 LAKESIDE DR,HJ VENTURES LLC,,,,,,,,,,,,,,,,,,,,,,,,,,,,,,,,https://pbcpao.gov/AdvSearch/GetSalesSearch#,2025-11-24 14:21:38,4
2023-11-17,754 LAKESIDE DR,HJ VENTURES LLC,,,$10,,,,,,,,,,,,,,,,,,,,,,,,,,,,,https://pbcpao.gov/AdvSearch/GetSalesSearch#,2025-11-24 14:21:38,4
2002-12-27,101 BOWSPRIT DR,HOLEKAMP WILLIAM F,,,$10,,,,,,,,,,,,,,,,,,,,,,,,,,,,,https://pbcpao.gov/AdvSearch/GetSalesSearch#,2025-11-24 14:21:38,4
"$614,500",PALM BEACH GARDENS FL 33410 4217,NORTH PALM BEACH,,,,,,,,,,,,,,,,,,,,,,,,,,,,,,,,https://pbcpao.gov/AdvSearch/GetSalesSearch#,2025-11-24 14:21:38,4
"$3,489,394",PALM BEACH GARDENS FL 33410 4417,NORTH PALM BEACH,,,,,,,,,,,,,,,,,,,,,,,,,,,,,,,,https://pbcpao.gov/AdvSearch/GetSalesSearch#,2025-11-24 14:21:38,4
"$385,000",1012 COUNTRY CLUB DR,NORTH PALM BEACH,,,,,,,,,,,,,,,,,,,,,,,,,,,,,,,,https://pbcpao.gov/AdvSearch/GetSalesSearch#,2025-11-24 14:21:38,4
2008-03-20,1012 COUNTRY CLUB DR,NORTH PALM BEACH,,,$10,,,,,,,,,,,,,,,,,,,,,,,,,,,,,https://pbcpao.gov/AdvSearch/GetSalesSearch#,2025-11-24 14:21:38,4
2008-05-06,1012 COUNTRY CLUB DR,NORTH PALM BEACH,,,$10,,,,,,,,,,,,,,,,,,,,,,,,,,,,,https://pbcpao.gov/AdvSearch/GetSalesSearch#,2025-11-24 14:21:39,4
2006-12-11,1012 COUNTRY CLUB DR,NORTH PALM BEACH,,,$10,,,,,,,,,,,,,,,,,,,,,,,,,,,,,https://pbcpao.gov/AdvSearch/GetSalesSearch#,2025-11-24 14:21:39,4
"$2,625,000",PALM BEACH GARDENS FL 33410 4408,NORTH PALM BEACH,,,,,,,,,,,,,,,,,,,,,,,,,,,,,,,,https://pbcpao.gov/AdvSearch/GetSalesSearch#,2025-11-24 14:21:39,4
"$5,806,234",764 HARBOUR ISLE CT,NORTH PALM BEACH,,,,,,,,,,,,,,,,,,,,,,,,,,,,,,,,https://pbcpao.gov/AdvSearch/GetSalesSearch#,2025-11-24 14:21:39,4
"$825,000",PALM BEACH GARDENS FL 33410 4417,IVY BUILDERS,,,,,,,,,,,,,,,,,,,,,,,,,,,,,,,,https://pbcpao.gov/AdvSearch/GetSalesSearch#,2025-11-24 14:21:39,4
"$3,059,050",5601 WINDHOVER DR,NORTH PALM BEACH,,,,,,,,,,,,,,,,,,,,,,,,,,,,,,,,https://pbcpao.gov/AdvSearch/GetSalesSearch#,2025-11-24 14:21:54,5
"$985,000",625 SHORE RD,NORTH PALM BEACH,,,,,,,,,,,,,,,,,,,,,,,,,,,,,,,,https://pbcpao.gov/AdvSearch/GetSalesSearch#,2025-11-24 14:21:54,5
"$2,500,000",776 HARBOUR ISLE CT,JIAN JUN GROUP LLC,,,,,,,,,,,,,,,,,,,,,,,,,,,,,,,,https://pbcpao.gov/AdvSearch/GetSalesSearch#,2025-11-24 14:21:54,5
"$700,000",788 LAKESIDE DR,JKKSC PROPERTIES LLC,,,,,,,,,,,,,,,,,,,,,,,,,,,,,,,,https://pbcpao.gov/AdvSearch/GetSalesSearch#,2025-11-24 14:21:54,5
"$9,600,000",COSTA MESA CA 92626 4624,JLSA PALM LLC,,,,,,,,,,,,,,,,,,,,,,,,,,,,,,,,https://pbcpao.gov/AdvSearch/GetSalesSearch#,2025-11-24 14:21:54,5
"$2,900,000",JOHNSON DUSTIN,NORTH PALM BEACH,,,,,,,,,,,,,,,,,,,,,,,,,,,,,,,,https://pbcpao.gov/AdvSearch/GetSalesSearch#,2025-11-24 14:21:54,5
"$7,100,000",10834 BIRKDALE CT,NORTH PALM BEACH,,,,,,,,,,,,,,,,,,,,,,,,,,,,,,,,https://pbcpao.gov/AdvSearch/GetSalesSearch#,2025-11-24 14:21:54,5
"$1,200,000",736 LAGOON DR,NORTH PALM BEACH,,,,,,,,,,,,,,,,,,,,,,,,,,,,,,,,https://pbcpao.gov/AdvSearch/GetSalesSearch#,2025-11-24 14:21:54,5
"$1,180,000",648 RIVERSIDE RD,NORTH PALM BEACH,,,,,,,,,,,,,,,,,,,,,,,,,,,,,,,,https://pbcpao.gov/AdvSearch/GetSalesSearch#,2025-11-24 14:21:54,5
2014-01-10,648 RIVERSIDE RD,KAHLE WILLIAM D,,,$10,,,,,,,,,,,,,,,,,,,,,,,,,,,,,https://pbcpao.gov/AdvSearch/GetSalesSearch#,2025-11-24 14:21:54,5
2013-02-05,PALM BEACH GARDENS FL 33410 4408,KANAHELE GLORIA,,,$0,,,,,,,,,,,,,,,,,,,,,,,,,,,,,https://pbcpao.gov/AdvSearch/GetSalesSearch#,2025-11-24 14:21:54,5
"$1,865,000",PALM BEACH GARDENS FL 33410 4408,NORTH PALM BEACH,,,,,,,,,,,,,,,,,,,,,,,,,,,,,,,,https://pbcpao.gov/AdvSearch/GetSalesSearch#,2025-11-24 14:21:55,5
2003-07-02,754 LAKESIDE DR,KARR DONALD,,,$10,,,,,,,,,,,,,,,,,,,,,,,,,,,,,https://pbcpao.gov/AdvSearch/GetSalesSearch#,2025-11-24 14:21:55,5
"$435,000",,NORTH PALM BEACH,,,,,,,,,,,,,,,,,,,,,,,,,,,,,,,,https://pbcpao.gov/AdvSearch/GetSalesSearch#,2025-11-24 14:21:55,5
"$3,500,000",PALM BEACH GARDENS FL 33410 3231,KELLY GREGORY,,,,,,,,,,,,,,,,,,,,,,,,,,,,,,,,https://pbcpao.gov/AdvSearch/GetSalesSearch#,2025-11-24 14:21:55,5
2003-12-18,508 ANCHORAGE DR,NORTH PALM BEACH,,,$10,,,,,,,,,,,,,,,,,,,,,,,,,,,,,https://pbcpao.gov/AdvSearch/GetSalesSearch#,2025-11-24 14:21:55,5
2003-12-18,508 ANCHORAGE DR,NORTH PALM BEACH,,,$10,,,,,,,,,,,,,,,,,,,,,,,,,,,,,https://pbcpao.gov/AdvSearch/GetSalesSearch#,2025-11-24 14:21:55,5
"$4,250,000",108 S ANCHORAGE DR S,NORTH PALM BEACH,,,,,,,,,,,,,,,,,,,,,,,,,,,,,,,,https://pbcpao.gov/AdvSearch/GetSalesSearch#,2025-11-24 14:21:55,5
"$2,500,000",,KENNA ELISSA,,,,,,,,,,,,,,,,,,,,,,,,,,,,,,,,https://pbcpao.gov/AdvSearch/GetSalesSearch#,2025-11-24 14:21:55,5
"$2,000,000",,NORTH PALM BEACH,,,,,,,,,,,,,,,,,,,,,,,,,,,,,,,,https://pbcpao.gov/AdvSearch/GetSalesSearch#,2025-11-24 14:21:55,5
2019-02-20,,NORTH PALM BEACH,,,$10,,,,,,,,,,,,,,,,,,,,,,,,,,,,,https://pbcpao.gov/AdvSearch/GetSalesSearch#,2025-11-24 14:21:55,5
"$2,475,402",WEST PALM BEACH FL 33410 4417,KIEVAL JOSHUA,,,,,,,,,,,,,,,,,,,,,,,,,,,,,,,,https://pbcpao.gov/AdvSearch/GetSalesSearch#,2025-11-24 14:21:55,5
2018-07-31,WEST PALM BEACH FL 33410 4417,NORTH PALM BEACH,,,$10,,,,,,,,,,,,,,,,,,,,,,,,,,,,,https://pbcpao.gov/AdvSearch/GetSalesSearch#,2025-11-24 14:21:55,5
"$865,000",,NORTH PALM BEACH,,,,,,,,,,,,,,,,,,,,,,,,,,,,,,,,https://pbcpao.gov/AdvSearch/GetSalesSearch#,2025-11-24 14:21:55,5
"$1,300,000",561 GREENWAY DR,NORTH PALM BEACH,,,,,,,,,,,,,,,,,,,,,,,,,,,,,,,,https://pbcpao.gov/AdvSearch/GetSalesSearch#,2025-11-24 14:21:55,5
2024-05-05,835 COUNTRY CLUB DR,LAKEVIEW GEORGIA LLC,,,$0,,,,,,,,,,,,,,,,,,,,,,,,,,,,,https://pbcpao.gov/AdvSearch/GetSalesSearch#,2025-11-24 14:21:55,5
"$3,400,000",835 COUNTRY CLUB DR,LAKEVIEW GEORGIA LLC,,,,,,,,,,,,,,,,,,,,,,,,,,,,,,,,https://pbcpao.gov/AdvSearch/GetSalesSearch#,2025-11-24 14:21:55,5
"$735,000",788 HARBOUR ISLE CT,NORTH PALM BEACH,,,,,,,,,,,,,,,,,,,,,,,,,,,,,,,,https://pbcpao.gov/AdvSearch/GetSalesSearch#,2025-11-24 14:21:55,5
2007-02-22,PALM BEACH GARDENS FL 33410 4408,NORTH PALM BEACH,,,$10,,,,,,,,,,,,,,,,,,,,,,,,,,,,,https://pbcpao.gov/AdvSearch/GetSalesSearch#,2025-11-24 14:21:56,5
"$5,900,000",10834 BIRKDALE CT,NORTH PALM BEACH,,,,,,,,,,,,,,,,,,,,,,,,,,,,,,,,https://pbcpao.gov/AdvSearch/GetSalesSearch#,2025-11-24 14:21:56,5
2013-05-17,508 ANCHORAGE DR,NORTH PALM BEACH,,,$10,,,,,,,,,,,,,,,,,,,,,,,,,,,,,https://pbcpao.gov/AdvSearch/GetSalesSearch#,2025-11-24 14:21:56,5
2019-06-07,776 HARBOUR ISLE CT,LASH WILTON M,,,$10,,,,,,,,,,,,,,,,,,,,,,,,,,,,,https://pbcpao.gov/AdvSearch/GetSalesSearch#,2025-11-24 14:21:56,5
2011-10-31,CHESHIRE CT 06410 0873,LAUKIEN JUTTA,,,$10,,,,,,,,,,,,,,,,,,,,,,,,,,,,,https://pbcpao.gov/AdvSearch/GetSalesSearch#,2025-11-24 14:21:56,5
"$2,790,000",CHESHIRE CT 06410 0873,LAUKIEN MARC,,,,,,,,,,,,,,,,,,,,,,,,,,,,,,,,https://pbcpao.gov/AdvSearch/GetSalesSearch#,2025-11-24 14:21:56,5
"$3,200,000",10834 BIRKDALE CT,NORTH PALM BEACH,,,,,,,,,,,,,,,,,,,,,,,,,,,,,,,,https://pbcpao.gov/AdvSearch/GetSalesSearch#,2025-11-24 14:21:56,5
"$3,500,000",928 GARRETT MILL RD,NORTH PALM BEACH,,,,,,,,,,,,,,,,,,,,,,,,,,,,,,,,https://pbcpao.gov/AdvSearch/GetSalesSearch#,2025-11-24 14:21:56,5
"$2,480,000",PALM BEACH GARDENS FL 33410 4417,NORTH PALM BEACH,,,,,,,,,,,,,,,,,,,,,,,,,,,,,,,,https://pbcpao.gov/AdvSearch/GetSalesSearch#,2025-11-24 14:21:56,5
"$1,068,000",824 SHORE DR,LENDALK PROPERTIES LLC,,,,,,,,,,,,,,,,,,,,,,,,,,,,,,,,https://pbcpao.gov/AdvSearch/GetSalesSearch#,2025-11-24 14:21:56,5
"$1,225,000",619 RIVERSIDE RD,LENDALK PROPERTIES LLC,,,,,,,,,,,,,,,,,,,,,,,,,,,,,,,,https://pbcpao.gov/AdvSearch/GetSalesSearch#,2025-11-24 14:21:56,5
"$1,800,000",924 SHORE DR,LENDALK PROPERTIES LLC,,,,,,,,,,,,,,,,,,,,,,,,,,,,,,,,https://pbcpao.gov/AdvSearch/GetSalesSearch#,2025-11-24 14:21:56,5
2018-04-18,713 WATERWAY DR,LETERIDE LLC,,,$10,,,,,,,,,,,,,,,,,,,,,,,,,,,,,https://pbcpao.gov/AdvSearch/GetSalesSearch#,2025-11-24 14:21:56,5
"$905,000",713 WATERWAY DR,LETERIDE LLC,,,,,,,,,,,,,,,,,,,,,,,,,,,,,,,,https://pbcpao.gov/AdvSearch/GetSalesSearch#,2025-11-24 14:21:56,5
"$2,100,000",101 DAVIT DR,NORTH PALM BEACH,,,,,,,,,,,,,,,,,,,,,,,,,,,,,,,,https://pbcpao.gov/AdvSearch/GetSalesSearch#,2025-11-24 14:21:56,5
"$1,125,000",16201 E MAIN ST,LEWIS DUANE H,,,,,,,,,,,,,,,,,,,,,,,,,,,,,,,,https://pbcpao.gov/AdvSearch/GetSalesSearch#,2025-11-24 14:21:56,5
"$3,500,000",561 GREENWAY DR,LG FLORIDA VENTURES LLC,,,,,,,,,,,,,,,,,,,,,,,,,,,,,,,,https://pbcpao.gov/AdvSearch/GetSalesSearch#,2025-11-24 14:21:56,5
"$280,000",,NORTH PALM BEACH,,,,,,,,,,,,,,,,,,,,,,,,,,,,,,,,https://pbcpao.gov/AdvSearch/GetSalesSearch#,2025-11-24 14:21:57,5
"$2,270,000",PALM BEACH GARDENS FL 33410 3231,NORTH PALM BEACH,,,,,,,,,,,,,,,,,,,,,,,,,,,,,,,,https://pbcpao.gov/AdvSearch/GetSalesSearch#,2025-11-24 14:21:57,5
"$2,313,896",LOMBARDI VICTOR A,NORTH PALM BEACH,,,,,,,,,,,,,,,,,,,,,,,,,,,,,,,,https://pbcpao.gov/AdvSearch/GetSalesSearch#,2025-11-24 14:21:57,5
"$1,350,000",COSTA MESA CA 92626 4624,LYTAL LAKE H III,,,,,,,,,,,,,,,,,,,,,,,,,,,,,,,,https://pbcpao.gov/AdvSearch/GetSalesSearch#,2025-11-24 14:21:57,5
2009-09-09,COSTA MESA CA 92626 4624,NORTH PALM BEACH,,,$10,,,,,,,,,,,,,,,,,,,,,,,,,,,,,https://pbcpao.gov/AdvSearch/GetSalesSearch#,2025-11-24 14:21:57,5
"$720,000",,MALASKY HOMES INC,,,,,,,,,,,,,,,,,,,,,,,,,,,,,,,,https://pbcpao.gov/AdvSearch/GetSalesSearch#,2025-11-24 14:22:10,6
"$1,875,000",MALASKY STEPHEN P &,NORTH PALM BEACH,,,,,,,,,,,,,,,,,,,,,,,,,,,,,,,,https://pbcpao.gov/AdvSearch/GetSalesSearch#,2025-11-24 14:22:10,6
2009-06-03,MALASKY STEPHEN P &,NORTH PALM BEACH,,,$10,,,,,,,,,,,,,,,,,,,,,,,,,,,,,https://pbcpao.gov/AdvSearch/GetSalesSearch#,2025-11-24 14:22:10,6
"$274,500",824 SHORE DR,MALLAMO SAMUEL M,,,,,,,,,,,,,,,,,,,,,,,,,,,,,,,,https://pbcpao.gov/AdvSearch/GetSalesSearch#,2025-11-24 14:22:10,6
2012-04-20,824 SHORE DR,MALLAMO SAMUEL M SR,,,$10,,,,,,,,,,,,,,,,,,,,,,,,,,,,,https://pbcpao.gov/AdvSearch/GetSalesSearch#,2025-11-24 14:22:10,6
2004-06-30,PALM BEACH GARDENS FL 33410 3232,MALONE DEBORA B,,,$1,,,,,,,,,,,,,,,,,,,,,,,,,,,,,https://pbcpao.gov/AdvSearch/GetSalesSearch#,2025-11-24 14:22:11,6
"$895,000",PALM BEACH GARDENS FL 33410 3232,NORTH PALM BEACH,,,,,,,,,,,,,,,,,,,,,,,,,,,,,,,,https://pbcpao.gov/AdvSearch/GetSalesSearch#,2025-11-24 14:22:11,6
2005-01-19,PALM BEACH GARDENS FL 33410 3231,MANLEY JOHN C JR,,,$10,,,,,,,,,,,,,,,,,,,,,,,,,,,,,https://pbcpao.gov/AdvSearch/GetSalesSearch#,2025-11-24 14:22:11,6
"$2,300,000",PALM BEACH GARDENS FL 33410 3231,NORTH PALM BEACH,,,,,,,,,,,,,,,,,,,,,,,,,,,,,,,,https://pbcpao.gov/AdvSearch/GetSalesSearch#,2025-11-24 14:22:11,6
"$2,600,000",12358 RIDGE RD,MANNHEIMER ROBERT,,,,,,,,,,,,,,,,,,,,,,,,,,,,,,,,https://pbcpao.gov/AdvSearch/GetSalesSearch#,2025-11-24 14:22:11,6
"$2,455,500",764 HARBOUR ISLE CT,MANTOVANI AGATHA E,,,,,,,,,,,,,,,,,,,,,,,,,,,,,,,,https://pbcpao.gov/AdvSearch/GetSalesSearch#,2025-11-24 14:22:11,6
"$375,000",,NORTH PALM BEACH,,,,,,,,,,,,,,,,,,,,,,,,,,,,,,,,https://pbcpao.gov/AdvSearch/GetSalesSearch#,2025-11-24 14:22:11,6
2003-03-21,,NORTH PALM BEACH,,,$10,,,,,,,,,,,,,,,,,,,,,,,,,,,,,https://pbcpao.gov/AdvSearch/GetSalesSearch#,2025-11-24 14:22:11,6
"$1,430,000",101 EBBTIDE DR,MCCOY FAITH L,,,,,,,,,,,,,,,,,,,,,,,,,,,,,,,,https://pbcpao.gov/AdvSearch/GetSalesSearch#,2025-11-24 14:22:11,6
"$1,260,000",1009 COUNTRY CLUB DR,NORTH PALM BEACH,,,,,,,,,,,,,,,,,,,,,,,,,,,,,,,,https://pbcpao.gov/AdvSearch/GetSalesSearch#,2025-11-24 14:22:11,6
"$1,675,548",654 RIVERSIDE RD,NORTH PALM BEACH,,,,,,,,,,,,,,,,,,,,,,,,,,,,,,,,https://pbcpao.gov/AdvSearch/GetSalesSearch#,2025-11-24 14:22:12,6
2021-06-21,654 RIVERSIDE RD,NORTH PALM BEACH,,,$1,,,,,,,,,,,,,,,,,,,,,,,,,,,,,https://pbcpao.gov/AdvSearch/GetSalesSearch#,2025-11-24 14:22:12,6
"$2,950,000",PALM BEACH GARDENS FL 33410 3231,NORTH PALM BEACH,,,,,,,,,,,,,,,,,,,,,,,,,,,,,,,,https://pbcpao.gov/AdvSearch/GetSalesSearch#,2025-11-24 14:22:12,6
2005-05-09,PALM BEACH GARDENS FL 33410 3231,NORTH PALM BEACH,,,$10,,,,,,,,,,,,,,,,,,,,,,,,,,,,,https://pbcpao.gov/AdvSearch/GetSalesSearch#,2025-11-24 14:22:12,6
"$2,000,000",,MCGRATH MORGAN,,,,,,,,,,,,,,,,,,,,,,,,,,,,,,,,https://pbcpao.gov/AdvSearch/GetSalesSearch#,2025-11-24 14:22:12,6
"$2,200,000",648 RIVERSIDE RD,MCGRATH MORGAN JAYE,,,,,,,,,,,,,,,,,,,,,,,,,,,,,,,,https://pbcpao.gov/AdvSearch/GetSalesSearch#,2025-11-24 14:22:12,6
"$1,800,000",508 ANCHORAGE DR,MCGRATH MORGAN JAYE,,,,,,,,,,,,,,,,,,,,,,,,,,,,,,,,https://pbcpao.gov/AdvSearch/GetSalesSearch#,2025-11-24 14:22:12,6
2002-12-27,101 BOWSPRIT DR,MERRIFIELD NAOMI R,,,$10,,,,,,,,,,,,,,,,,,,,,,,,,,,,,https://pbcpao.gov/AdvSearch/GetSalesSearch#,2025-11-24 14:22:12,6
"$1,875,000",100 DAVIT DR,NORTH PALM BEACH,,,,,,,,,,,,,,,,,,,,,,,,,,,,,,,,https://pbcpao.gov/AdvSearch/GetSalesSearch#,2025-11-24 14:22:12,6
"$2,700,000",PALM BEACH GARDENS FL 33410 4417,NORTH PALM BEACH,,,,,,,,,,,,,,,,,,,,,,,,,,,,,,,,https://pbcpao.gov/AdvSearch/GetSalesSearch#,2025-11-24 14:22:12,6
"$623,500",107 DAVIT DR,MILLER DARLENE A,,,,,,,,,,,,,,,,,,,,,,,,,,,,,,,,https://pbcpao.gov/AdvSearch/GetSalesSearch#,2025-11-24 14:22:12,6
"$980,000",125 EBBTIDE DR,MILLER FREDERICK R,,,,,,,,,,,,,,,,,,,,,,,,,,,,,,,,https://pbcpao.gov/AdvSearch/GetSalesSearch#,2025-11-24 14:22:12,6
"$2,600,000",230 S MAIN ST,NORTH PALM BEACH,,,,,,,,,,,,,,,,,,,,,,,,,,,,,,,,https://pbcpao.gov/AdvSearch/GetSalesSearch#,2025-11-24 14:22:12,6
2012-12-20,,NORTH PALM BEACH,,,$10,,,,,,,,,,,,,,,,,,,,,,,,,,,,,https://pbcpao.gov/AdvSearch/GetSalesSearch#,2025-11-24 14:22:12,6
"$4,950,000",842 LAKESIDE DR,NORTH PALM BEACH,,,,,,,,,,,,,,,,,,,,,,,,,,,,,,,,https://pbcpao.gov/AdvSearch/GetSalesSearch#,2025-11-24 14:22:12,6
2003-03-12,,MUELLER JAMES G,,,$10,,,,,,,,,,,,,,,,,,,,,,,,,,,,,https://pbcpao.gov/AdvSearch/GetSalesSearch#,2025-11-24 14:22:12,6
2000-03-01,,MUELLER JAMES G TR,,,$10,,,,,,,,,,,,,,,,,,,,,,,,,,,,,https://pbcpao.gov/AdvSearch/GetSalesSearch#,2025-11-24 14:22:12,6
"$800,000",100 EBBTIDE DR,NORTH PALM BEACH,,,,,,,,,,,,,,,,,,,,,,,,,,,,,,,,https://pbcpao.gov/AdvSearch/GetSalesSearch#,2025-11-24 14:22:12,6
"$3,300,000",824 SHORE DR,NORTH PALM BEACH,,,,,,,,,,,,,,,,,,,,,,,,,,,,,,,,https://pbcpao.gov/AdvSearch/GetSalesSearch#,2025-11-24 14:22:13,6
"$275,000",WEST PALM BEACH FL 33407 2954,NORTH PALM BEACH,,,,,,,,,,,,,,,,,,,,,,,,,,,,,,,,https://pbcpao.gov/AdvSearch/GetSalesSearch#,2025-11-24 14:22:13,6
2002-07-03,WEST PALM BEACH FL 33407 2954,NORTH PALM BEACH,,,$10,,,,,,,,,,,,,,,,,,,,,,,,,,,,,https://pbcpao.gov/AdvSearch/GetSalesSearch#,2025-11-24 14:22:13,6
"$7,200,000",866 LAKESIDE DR,NORTH PALM BEACH,,,,,,,,,,,,,,,,,,,,,,,,,,,,,,,,https://pbcpao.gov/AdvSearch/GetSalesSearch#,2025-11-24 14:22:13,6
"$1,925,000",736 LAKESIDE DR,NORTH PALM BEACH,,,,,,,,,,,,,,,,,,,,,,,,,,,,,,,,https://pbcpao.gov/AdvSearch/GetSalesSearch#,2025-11-24 14:22:13,6
2025-10-30,736 LAKESIDE DR,NORTH PALM BEACH,,,$10,,,,,,,,,,,,,,,,,,,,,,,,,,,,,https://pbcpao.gov/AdvSearch/GetSalesSearch#,2025-11-24 14:22:13,6
2021-02-25,736 LAGOON DR,NELSON JANETTE M,,,$10,,,,,,,,,,,,,,,,,,,,,,,,,,,,,https://pbcpao.gov/AdvSearch/GetSalesSearch#,2025-11-24 14:22:13,6
2000-04-07,736 LAGOON DR,NELSON KENNETH L,,,$0,,,,,,,,,,,,,,,,,,,,,,,,,,,,,https://pbcpao.gov/AdvSearch/GetSalesSearch#,2025-11-24 14:22:13,6
2000-04-07,736 LAGOON DR,NELSON KENNETH L,,,$100,,,,,,,,,,,,,,,,,,,,,,,,,,,,,https://pbcpao.gov/AdvSearch/GetSalesSearch#,2025-11-24 14:22:13,6
2016-02-19,736 LAGOON DR,NELSON KENNETH L TR,,,$10,,,,,,,,,,,,,,,,,,,,,,,,,,,,,https://pbcpao.gov/AdvSearch/GetSalesSearch#,2025-11-24 14:22:13,6
"$1,764,000",PALM BEACH GARDENS FL 33410 4408,NORTH PALM BEACH,,,,,,,,,,,,,,,,,,,,,,,,,,,,,,,,https://pbcpao.gov/AdvSearch/GetSalesSearch#,2025-11-24 14:22:13,6
"$5,757,100",,NORTH PALM BEACH,,,,,,,,,,,,,,,,,,,,,,,,,,,,,,,,https://pbcpao.gov/AdvSearch/GetSalesSearch#,2025-11-24 14:22:13,6
"$735,000",10834 BIRKDALE CT,NORTH PALM BEACH,,,,,,,,,,,,,,,,,,,,,,,,,,,,,,,,https://pbcpao.gov/AdvSearch/GetSalesSearch#,2025-11-24 14:22:13,6
"$1,625,000",100 BOWSPRIT DR,NOVAK FRANK V,,,,,,,,,,,,,,,,,,,,,,,,,,,,,,,,https://pbcpao.gov/AdvSearch/GetSalesSearch#,2025-11-24 14:22:13,6
"$3,000,000",3355 MARTIN FARM RD STE 100,NORTH PALM BEACH,,,,,,,,,,,,,,,,,,,,,,,,,,,,,,,,https://pbcpao.gov/AdvSearch/GetSalesSearch#,2025-11-24 14:22:13,6
"$1,300,100",OB REAL EST HLDNG 1596 LLC,NORTH PALM BEACH,,,,,,,,,,,,,,,,,,,,,,,,,,,,,,,,https://pbcpao.gov/AdvSearch/GetSalesSearch#,2025-11-24 14:22:13,6
2000-07-11,,NORTH PALM BEACH,,,$0,,,,,,,,,,,,,,,,,,,,,,,,,,,,,https://pbcpao.gov/AdvSearch/GetSalesSearch#,2025-11-24 14:22:13,6
"$525,000",,NORTH PALM BEACH,,,,,,,,,,,,,,,,,,,,,,,,,,,,,,,,https://pbcpao.gov/AdvSearch/GetSalesSearch#,2025-11-24 14:22:29,7
"$1,400,000",AUSTIN TX 78733 3264,OCONNOR JOSEPH,,,,,,,,,,,,,,,,,,,,,,,,,,,,,,,,https://pbcpao.gov/AdvSearch/GetSalesSearch#,2025-11-24 14:22:29,7
"$2,310,000",508 ANCHORAGE DR,NORTH PALM BEACH,,,,,,,,,,,,,,,,,,,,,,,,,,,,,,,,https://pbcpao.gov/AdvSearch/GetSalesSearch#,2025-11-24 14:22:29,7
"$2,575,000",508 ANCHORAGE DR,NORTH PALM BEACH,,,,,,,,,,,,,,,,,,,,,,,,,,,,,,,,https://pbcpao.gov/AdvSearch/GetSalesSearch#,2025-11-24 14:22:29,7
"$413,600",624 SHORE RD,NORTH PALM BEACH,,,,,,,,,,,,,,,,,,,,,,,,,,,,,,,,https://pbcpao.gov/AdvSearch/GetSalesSearch#,2025-11-24 14:22:29,7
"$575,000",625 SHORE RD,NORTH PALM BEACH,,,,,,,,,,,,,,,,,,,,,,,,,,,,,,,,https://pbcpao.gov/AdvSearch/GetSalesSearch#,2025-11-24 14:22:29,7
"$2,315,000",1125 COUNTRY CLUB DR,NORTH PALM BEACH,,,,,,,,,,,,,,,,,,,,,,,,,,,,,,,,https://pbcpao.gov/AdvSearch/GetSalesSearch#,2025-11-24 14:22:29,7
"$465,000",,PAPARONE HOMES OF FLORIDA INC,,,,,,,,,,,,,,,,,,,,,,,,,,,,,,,,https://pbcpao.gov/AdvSearch/GetSalesSearch#,2025-11-24 14:22:29,7
"$740,000",WEST PALM BEACH FL 33401 5308,NORTH PALM BEACH,,,,,,,,,,,,,,,,,,,,,,,,,,,,,,,,https://pbcpao.gov/AdvSearch/GetSalesSearch#,2025-11-24 14:22:29,7
"$2,350,000",789 HARBOUR ISLES CT,PASSARELLI JOHN G,,,,,,,,,,,,,,,,,,,,,,,,,,,,,,,,https://pbcpao.gov/AdvSearch/GetSalesSearch#,2025-11-24 14:22:29,7
2006-08-31,112 EBBTIDE DR,NORTH PALM BEACH,,,$100,,,,,,,,,,,,,,,,,,,,,,,,,,,,,https://pbcpao.gov/AdvSearch/GetSalesSearch#,2025-11-24 14:22:29,7
2006-08-31,112 EBBTIDE DR,NORTH PALM BEACH,,,$100,,,,,,,,,,,,,,,,,,,,,,,,,,,,,https://pbcpao.gov/AdvSearch/GetSalesSearch#,2025-11-24 14:22:29,7
2024-05-21,112 EBBTIDE DR,NORTH PALM BEACH,,,$10,,,,,,,,,,,,,,,,,,,,,,,,,,,,,https://pbcpao.gov/AdvSearch/GetSalesSearch#,2025-11-24 14:22:29,7
2006-08-31,112 EBBTIDE DR,NORTH PALM BEACH,,,$100,,,,,,,,,,,,,,,,,,,,,,,,,,,,,https://pbcpao.gov/AdvSearch/GetSalesSearch#,2025-11-24 14:22:29,7
"$8,250,000",835 COUNTRY CLUB DR,NORTH PALM BEACH,,,,,,,,,,,,,,,,,,,,,,,,,,,,,,,,https://pbcpao.gov/AdvSearch/GetSalesSearch#,2025-11-24 14:22:30,7
"$3,850,000",,PERKINS KELLY R,,,,,,,,,,,,,,,,,,,,,,,,,,,,,,,,https://pbcpao.gov/AdvSearch/GetSalesSearch#,2025-11-24 14:22:30,7
"$725,000",PALM BEACH GARDENS FL 33410 4417,NORTH PALM BEACH,,,,,,,,,,,,,,,,,,,,,,,,,,,,,,,,https://pbcpao.gov/AdvSearch/GetSalesSearch#,2025-11-24 14:22:30,7
"$1,700,000",842 LAKESIDE DR,PETERS DOUGLAS A,,,,,,,,,,,,,,,,,,,,,,,,,,,,,,,,https://pbcpao.gov/AdvSearch/GetSalesSearch#,2025-11-24 14:22:30,7
"$400,000",230 S MAIN ST,PGM DEV INC,,,,,,,,,,,,,,,,,,,,,,,,,,,,,,,,https://pbcpao.gov/AdvSearch/GetSalesSearch#,2025-11-24 14:22:30,7
2001-05-31,PALM BEACH GARDENS FL 33410 4417,PGM DEV INC,,,$10,,,,,,,,,,,,,,,,,,,,,,,,,,,,,https://pbcpao.gov/AdvSearch/GetSalesSearch#,2025-11-24 14:22:30,7
"$600,000",,PGM DEVELOPERS INC,,,,,,,,,,,,,,,,,,,,,,,,,,,,,,,,https://pbcpao.gov/AdvSearch/GetSalesSearch#,2025-11-24 14:22:30,7
"$560,000",PALM BEACH GARDENS FL 33410 4408,NORTH PALM BEACH,,,,,,,,,,,,,,,,,,,,,,,,,,,,,,,,https://pbcpao.gov/AdvSearch/GetSalesSearch#,2025-11-24 14:22:30,7
"$700,000",PALM BEACH GARDENS FL 33410 4417,NORTH PALM BEACH,,,,,,,,,,,,,,,,,,,,,,,,,,,,,,,,https://pbcpao.gov/AdvSearch/GetSalesSearch#,2025-11-24 14:22:30,7
"$2,254,625",,PINSKY MARK A,,,,,,,,,,,,,,,,,,,,,,,,,,,,,,,,https://pbcpao.gov/AdvSearch/GetSalesSearch#,2025-11-24 14:22:30,7
"$2,205,000",PALM BEACH GARDENS FL 33410 3416,NORTH PALM BEACH,,,,,,,,,,,,,,,,,,,,,,,,,,,,,,,,https://pbcpao.gov/AdvSearch/GetSalesSearch#,2025-11-24 14:22:30,7
"$2,500,000",PRESTAGE WILLIAM H &,NORTH PALM BEACH,,,,,,,,,,,,,,,,,,,,,,,,,,,,,,,,https://pbcpao.gov/AdvSearch/GetSalesSearch#,2025-11-24 14:22:30,7
"$775,000",,PRETI LAND HOLDINGS LLC,,,,,,,,,,,,,,,,,,,,,,,,,,,,,,,,https://pbcpao.gov/AdvSearch/GetSalesSearch#,2025-11-24 14:22:30,7
"$600,000",766 LAKESIDE DR,NORTH PALM BEACH,,,,,,,,,,,,,,,,,,,,,,,,,,,,,,,,https://pbcpao.gov/AdvSearch/GetSalesSearch#,2025-11-24 14:22:30,7
"$3,325,000",107 EBBTIDE DR,NORTH PALM BEACH,,,,,,,,,,,,,,,,,,,,,,,,,,,,,,,,https://pbcpao.gov/AdvSearch/GetSalesSearch#,2025-11-24 14:22:30,7
"$3,101,500",PALM BEACH GARDENS FL 33410 4417,NORTH PALM BEACH,,,,,,,,,,,,,,,,,,,,,,,,,,,,,,,,https://pbcpao.gov/AdvSearch/GetSalesSearch#,2025-11-24 14:22:30,7
"$2,850,000",789 HARBOUR ISLES CT,NORTH PALM BEACH,,,,,,,,,,,,,,,,,,,,,,,,,,,,,,,,https://pbcpao.gov/AdvSearch/GetSalesSearch#,2025-11-24 14:22:30,7
"$1,799,900",736 LAKESIDE DR,PUZZITIELLO BUILDERS LLC,,,,,,,,,,,,,,,,,,,,,,,,,,,,,,,,https://pbcpao.gov/AdvSearch/GetSalesSearch#,2025-11-24 14:22:30,7
"$4,500,000",924 SHORE DR,NORTH PALM BEACH,,,,,,,,,,,,,,,,,,,,,,,,,,,,,,,,https://pbcpao.gov/AdvSearch/GetSalesSearch#,2025-11-24 14:22:31,7
"$3,700,000",101 EBBTIDE DR,NORTH PALM BEACH,,,,,,,,,,,,,,,,,,,,,,,,,,,,,,,,https://pbcpao.gov/AdvSearch/GetSalesSearch#,2025-11-24 14:22:31,7
"$7,500,000",878 LAKESIDE DR,RAY BRIAN C,,,,,,,,,,,,,,,,,,,,,,,,,,,,,,,,https://pbcpao.gov/AdvSearch/GetSalesSearch#,2025-11-24 14:22:31,7
"$2,575,000",800 RED MILLS RD,NORTH PALM BEACH,,,,,,,,,,,,,,,,,,,,,,,,,,,,,,,,https://pbcpao.gov/AdvSearch/GetSalesSearch#,2025-11-24 14:22:31,7
"$14,500,000",764 WATERWAY DR,NORTH PALM BEACH,,,,,,,,,,,,,,,,,,,,,,,,,,,,,,,,https://pbcpao.gov/AdvSearch/GetSalesSearch#,2025-11-24 14:22:31,7
"$445,000",PALM BEACH GARDENS FL 33410 3231,REPACI MICHAEL W,,,,,,,,,,,,,,,,,,,,,,,,,,,,,,,,https://pbcpao.gov/AdvSearch/GetSalesSearch#,2025-11-24 14:22:31,7
"$1,100,000",649 RIVERSIDE RD,NORTH PALM BEACH,,,,,,,,,,,,,,,,,,,,,,,,,,,,,,,,https://pbcpao.gov/AdvSearch/GetSalesSearch#,2025-11-24 14:22:31,7
"$395,000",PALM BEACH GARDENS FL 33410 3231,RICEPUTO FREDERICK S,,,,,,,,,,,,,,,,,,,,,,,,,,,,,,,,https://pbcpao.gov/AdvSearch/GetSalesSearch#,2025-11-24 14:22:31,7
"$765,000",1009 COUNTRY CLUB DR,NORTH PALM BEACH,,,,,,,,,,,,,,,,,,,,,,,,,,,,,,,,https://pbcpao.gov/AdvSearch/GetSalesSearch#,2025-11-24 14:22:31,7
2010-08-03,WEST PALM BEACH FL 33401 5308,RIVERSIDE SOUTHWIND LLC,,,$10,,,,,,,,,,,,,,,,,,,,,,,,,,,,,https://pbcpao.gov/AdvSearch/GetSalesSearch#,2025-11-24 14:22:31,7
"$1,800,000",101 DAVIT DR,NORTH PALM BEACH,,,,,,,,,,,,,,,,,,,,,,,,,,,,,,,,https://pbcpao.gov/AdvSearch/GetSalesSearch#,2025-11-24 14:22:31,7
2010-08-30,924 SHORE DR,ROBERTS COURTNEY,,,$10,,,,,,,,,,,,,,,,,,,,,,,,,,,,,https://pbcpao.gov/AdvSearch/GetSalesSearch#,2025-11-24 14:22:31,7
2009-09-02,924 SHORE DR,NORTH PALM BEACH,,,$10,,,,,,,,,,,,,,,,,,,,,,,,,,,,,https://pbcpao.gov/AdvSearch/GetSalesSearch#,2025-11-24 14:22:31,7
"$3,450,000",PALM BEACH GARDENS FL 33410 4416,NORTH PALM BEACH,,,,,,,,,,,,,,,,,,,,,,,,,,,,,,,,https://pbcpao.gov/AdvSearch/GetSalesSearch#,2025-11-24 14:22:31,7
"$3,825,000",788 HARBOUR ISLE CT,NORTH PALM BEACH,,,,,,,,,,,,,,,,,,,,,,,,,,,,,,,,https://pbcpao.gov/AdvSearch/GetSalesSearch#,2025-11-24 14:22:31,7
"$2,000,000",125 EBBTIDE DR,ROCKETT DAMON C,,,,,,,,,,,,,,,,,,,,,,,,,,,,,,,,https://pbcpao.gov/AdvSearch/GetSalesSearch#,2025-11-24 14:22:31,7
"$492,500",,NORTH PALM BEACH,,,,,,,,,,,,,,,,,,,,,,,,,,,,,,,,https://pbcpao.gov/AdvSearch/GetSalesSearch#,2025-11-24 14:22:31,7
"$2,280,000",,NORTH PALM BEACH,,,,,,,,,,,,,,,,,,,,,,,,,,,,,,,,https://pbcpao.gov/AdvSearch/GetSalesSearch#,2025-11-24 14:22:32,7
"$1,100,000",830 LAKESIDE DR,NORTH PALM BEACH,,,,,,,,,,,,,,,,,,,,,,,,,,,,,,,,https://pbcpao.gov/AdvSearch/GetSalesSearch#,2025-11-24 14:22:45,8
"$1,490,000",107 EBBTIDE DR,SAMUELS ROBERT M,,,,,,,,,,,,,,,,,,,,,,,,,,,,,,,,https://pbcpao.gov/AdvSearch/GetSalesSearch#,2025-11-24 14:22:45,8
2018-01-08,107 DAVIT DR,SCHACHTER BEN L,,,$1,,,,,,,,,,,,,,,,,,,,,,,,,,,,,https://pbcpao.gov/AdvSearch/GetSalesSearch#,2025-11-24 14:22:45,8
2023-12-04,107 DAVIT DR,SCHACHTER BEN L,,,$0,,,,,,,,,,,,,,,,,,,,,,,,,,,,,https://pbcpao.gov/AdvSearch/GetSalesSearch#,2025-11-24 14:22:46,8
"$1,400,000",107 DAVIT DR,NORTH PALM BEACH,,,,,,,,,,,,,,,,,,,,,,,,,,,,,,,,https://pbcpao.gov/AdvSearch/GetSalesSearch#,2025-11-24 14:22:46,8
"$1,877,000",PALM BEACH GARDENS FL 33410 3231,NORTH PALM BEACH,,,,,,,,,,,,,,,,,,,,,,,,,,,,,,,,https://pbcpao.gov/AdvSearch/GetSalesSearch#,2025-11-24 14:22:46,8
"$2,540,000",PALM BEACH GARDENS FL 33410 3231,NORTH PALM BEACH,,,,,,,,,,,,,,,,,,,,,,,,,,,,,,,,https://pbcpao.gov/AdvSearch/GetSalesSearch#,2025-11-24 14:22:46,8
"$2,625,000",SCTC LLC,NORTH PALM BEACH,,,,,,,,,,,,,,,,,,,,,,,,,,,,,,,,https://pbcpao.gov/AdvSearch/GetSalesSearch#,2025-11-24 14:22:46,8
"$940,000",654 SHORE RD,NORTH PALM BEACH,,,,,,,,,,,,,,,,,,,,,,,,,,,,,,,,https://pbcpao.gov/AdvSearch/GetSalesSearch#,2025-11-24 14:22:46,8
1998-05-27,766 LAKESIDE DR,SECURITY PACIFIC NAT TR CO,,,$100,,,,,,,,,,,,,,,,,,,,,,,,,,,,,https://pbcpao.gov/AdvSearch/GetSalesSearch#,2025-11-24 14:22:46,8
"$405,000",249 PERUVIAN AVE STE F2,NORTH PALM BEACH,,,,,,,,,,,,,,,,,,,,,,,,,,,,,,,,https://pbcpao.gov/AdvSearch/GetSalesSearch#,2025-11-24 14:22:47,8
"$2,500,000",,SELLS JAMES A,,,,,,,,,,,,,,,,,,,,,,,,,,,,,,,,https://pbcpao.gov/AdvSearch/GetSalesSearch#,2025-11-24 14:22:47,8
"$750,000",800 RED MILLS RD,SERENITY HOUSE LLC,,,,,,,,,,,,,,,,,,,,,,,,,,,,,,,,https://pbcpao.gov/AdvSearch/GetSalesSearch#,2025-11-24 14:22:47,8
2013-02-20,800 RED MILLS RD,SERENITY PROPERTIES OF PALM BEACH LLC,,,$10,,,,,,,,,,,,,,,,,,,,,,,,,,,,,https://pbcpao.gov/AdvSearch/GetSalesSearch#,2025-11-24 14:22:47,8
"$2,050,000",,NORTH PALM BEACH,,,,,,,,,,,,,,,,,,,,,,,,,,,,,,,,https://pbcpao.gov/AdvSearch/GetSalesSearch#,2025-11-24 14:22:47,8
"$5,200,000",5601 WINDHOVER DR,NORTH PALM BEACH,,,,,,,,,,,,,,,,,,,,,,,,,,,,,,,,https://pbcpao.gov/AdvSearch/GetSalesSearch#,2025-11-24 14:22:47,8
2024-07-12,5601 WINDHOVER DR,SIEGEL JACQUELINE,,,$0,,,,,,,,,,,,,,,,,,,,,,,,,,,,,https://pbcpao.gov/AdvSearch/GetSalesSearch#,2025-11-24 14:22:47,8
"$1,575,000",736 LAKESIDE DR,SIGNATURE OF SHARON LTD,,,,,,,,,,,,,,,,,,,,,,,,,,,,,,,,https://pbcpao.gov/AdvSearch/GetSalesSearch#,2025-11-24 14:22:47,8
"$415,000",736 LAKESIDE DR,SIGNATURE OF SHARON LTD,,,,,,,,,,,,,,,,,,,,,,,,,,,,,,,,https://pbcpao.gov/AdvSearch/GetSalesSearch#,2025-11-24 14:22:47,8
"$1,200,000",713 WATERWAY DR,NORTH PALM BEACH,,,,,,,,,,,,,,,,,,,,,,,,,,,,,,,,https://pbcpao.gov/AdvSearch/GetSalesSearch#,2025-11-24 14:22:47,8
2005-04-29,PALM BEACH GARDENS FL 33410 4417,NORTH PALM BEACH,,,$10,,,,,,,,,,,,,,,,,,,,,,,,,,,,,https://pbcpao.gov/AdvSearch/GetSalesSearch#,2025-11-24 14:22:47,8
"$890,000",PALM BEACH GARDENS FL 33410 4417,NORTH PALM BEACH,,,,,,,,,,,,,,,,,,,,,,,,,,,,,,,,https://pbcpao.gov/AdvSearch/GetSalesSearch#,2025-11-24 14:22:47,8
2005-04-29,PALM BEACH GARDENS FL 33410 4417,NORTH PALM BEACH,,,$10,,,,,,,,,,,,,,,,,,,,,,,,,,,,,https://pbcpao.gov/AdvSearch/GetSalesSearch#,2025-11-24 14:22:47,8
"$493,353",PALM BEACH GARDENS FL 33410 3231,NORTH PALM BEACH,,,,,,,,,,,,,,,,,,,,,,,,,,,,,,,,https://pbcpao.gov/AdvSearch/GetSalesSearch#,2025-11-24 14:22:47,8
"$600,000",PALM BEACH GARDENS FL 33410 3231,NORTH PALM BEACH,,,,,,,,,,,,,,,,,,,,,,,,,,,,,,,,https://pbcpao.gov/AdvSearch/GetSalesSearch#,2025-11-24 14:22:48,8
2003-03-25,PALM BEACH GARDENS FL 33410 3231,NORTH PALM BEACH,,,$10,,,,,,,,,,,,,,,,,,,,,,,,,,,,,https://pbcpao.gov/AdvSearch/GetSalesSearch#,2025-11-24 14:22:48,8
"$7,100,000",,SIMON JOSEPH T,,,,,,,,,,,,,,,,,,,,,,,,,,,,,,,,https://pbcpao.gov/AdvSearch/GetSalesSearch#,2025-11-24 14:22:48,8
2005-09-07,737 WATERWAY DR,SMITH DANIEL R,,,$10,,,,,,,,,,,,,,,,,,,,,,,,,,,,,https://pbcpao.gov/AdvSearch/GetSalesSearch#,2025-11-24 14:22:48,8
"$945,000",737 WATERWAY DR,NORTH PALM BEACH,,,,,,,,,,,,,,,,,,,,,,,,,,,,,,,,https://pbcpao.gov/AdvSearch/GetSalesSearch#,2025-11-24 14:22:48,8
"$855,800",101 DAVIT DR,NORTH PALM BEACH,,,,,,,,,,,,,,,,,,,,,,,,,,,,,,,,https://pbcpao.gov/AdvSearch/GetSalesSearch#,2025-11-24 14:22:48,8
"$600,000",625 SHORE RD,NORTH PALM BEACH,,,,,,,,,,,,,,,,,,,,,,,,,,,,,,,,https://pbcpao.gov/AdvSearch/GetSalesSearch#,2025-11-24 14:22:48,8
2023-06-23,625 SHORE RD,NORTH PALM BEACH,,,$10,,,,,,,,,,,,,,,,,,,,,,,,,,,,,https://pbcpao.gov/AdvSearch/GetSalesSearch#,2025-11-24 14:22:48,8
"$1,925,000",119 DAVIT DR,NORTH PALM BEACH,,,,,,,,,,,,,,,,,,,,,,,,,,,,,,,,https://pbcpao.gov/AdvSearch/GetSalesSearch#,2025-11-24 14:22:48,8
"$1,500,000",100 DAVIT DR,NORTH PALM BEACH,,,,,,,,,,,,,,,,,,,,,,,,,,,,,,,,https://pbcpao.gov/AdvSearch/GetSalesSearch#,2025-11-24 14:22:48,8
2006-02-06,5302 GRAND LAKE ST,SPEH KATHLEEN,,,$10,,,,,,,,,,,,,,,,,,,,,,,,,,,,,https://pbcpao.gov/AdvSearch/GetSalesSearch#,2025-11-24 14:22:48,8
"$1,800,000",5302 GRAND LAKE ST,SPEH LAWRENCE,,,,,,,,,,,,,,,,,,,,,,,,,,,,,,,,https://pbcpao.gov/AdvSearch/GetSalesSearch#,2025-11-24 14:22:48,8
"$5,759,500",928 GARRETT MILL RD,NORTH PALM BEACH,,,,,,,,,,,,,,,,,,,,,,,,,,,,,,,,https://pbcpao.gov/AdvSearch/GetSalesSearch#,2025-11-24 14:22:48,8
"$400,000",928 GARRETT MILL RD,SPIRTIS MARK,,,,,,,,,,,,,,,,,,,,,,,,,,,,,,,,https://pbcpao.gov/AdvSearch/GetSalesSearch#,2025-11-24 14:22:48,8
"$455,000",,NORTH PALM BEACH,,,,,,,,,,,,,,,,,,,,,,,,,,,,,,,,https://pbcpao.gov/AdvSearch/GetSalesSearch#,2025-11-24 14:22:48,8
"$2,697,000",,SPRAYREGEN EMELINE,,,,,,,,,,,,,,,,,,,,,,,,,,,,,,,,https://pbcpao.gov/AdvSearch/GetSalesSearch#,2025-11-24 14:22:48,8
"$845,000",,SPS DEVELOPMENT CO,,,,,,,,,,,,,,,,,,,,,,,,,,,,,,,,https://pbcpao.gov/AdvSearch/GetSalesSearch#,2025-11-24 14:22:48,8
"$3,000,000",101 BOWSPRIT DR,NORTH PALM BEACH,,,,,,,,,,,,,,,,,,,,,,,,,,,,,,,,https://pbcpao.gov/AdvSearch/GetSalesSearch#,2025-11-24 14:22:48,8
"$2,600,000",STRAUB GLENN E,NORTH PALM BEACH,,,,,,,,,,,,,,,,,,,,,,,,,,,,,,,,https://pbcpao.gov/AdvSearch/GetSalesSearch#,2025-11-24 14:22:49,8
"$1,500,000",PALM BEACH GARDENS FL 33410 4217,SUEDHOFF ROBERT M,,,,,,,,,,,,,,,,,,,,,,,,,,,,,,,,https://pbcpao.gov/AdvSearch/GetSalesSearch#,2025-11-24 14:22:49,8
"$675,000",PALM BEACH GARDENS FL 33410 4408,NORTH PALM BEACH,,,,,,,,,,,,,,,,,,,,,,,,,,,,,,,,https://pbcpao.gov/AdvSearch/GetSalesSearch#,2025-11-24 14:22:49,8
2024-04-16,527 N SWINTON AVE,NORTH PALM BEACH,,,$10,,,,,,,,,,,,,,,,,,,,,,,,,,,,,https://pbcpao.gov/AdvSearch/GetSalesSearch#,2025-11-24 14:22:49,8
"$4,325,000",527 N SWINTON AVE,NORTH PALM BEACH,,,,,,,,,,,,,,,,,,,,,,,,,,,,,,,,https://pbcpao.gov/AdvSearch/GetSalesSearch#,2025-11-24 14:22:49,8
"$445,000",PALM BEACH GARDENS FL 33410 3231,NORTH PALM BEACH,,,,,,,,,,,,,,,,,,,,,,,,,,,,,,,,https://pbcpao.gov/AdvSearch/GetSalesSearch#,2025-11-24 14:22:49,8
"$2,400,000",754 LAKESIDE DR,NORTH PALM BEACH,,,,,,,,,,,,,,,,,,,,,,,,,,,,,,,,https://pbcpao.gov/AdvSearch/GetSalesSearch#,2025-11-24 14:22:49,8
"$7,470,000",PALM BEACH GARDENS FL 33410 4417,TEQUILA LITTLE TIME LLC,,,,,,,,,,,,,,,,,,,,,,,,,,,,,,,,https://pbcpao.gov/AdvSearch/GetSalesSearch#,2025-11-24 14:22:49,8
"$2,100,000",TIESTE DEBRA A,NORTH PALM BEACH,,,,,,,,,,,,,,,,,,,,,,,,,,,,,,,,https://pbcpao.gov/AdvSearch/GetSalesSearch#,2025-11-24 14:23:06,9
2014-08-07,TIESTE DEBRA ANNE,NORTH PALM BEACH,,,$10,,,,,,,,,,,,,,,,,,,,,,,,,,,,,https://pbcpao.gov/AdvSearch/GetSalesSearch#,2025-11-24 14:23:06,9
"$482,500",12358 RIDGE RD,NORTH PALM BEACH,,,,,,,,,,,,,,,,,,,,,,,,,,,,,,,,https://pbcpao.gov/AdvSearch/GetSalesSearch#,2025-11-24 14:23:06,9
"$482,500",TURTLE BEACH CONST CO INC,NORTH PALM BEACH,,,,,,,,,,,,,,,,,,,,,,,,,,,,,,,,https://pbcpao.gov/AdvSearch/GetSalesSearch#,2025-11-24 14:23:06,9
"$1,150,100",PALM BEACH GARDENS FL 33410 4408,U S BANK NATIONAL ASSOCIATION TR,,,,,,,,,,,,,,,,,,,,,,,,,,,,,,,,https://pbcpao.gov/AdvSearch/GetSalesSearch#,2025-11-24 14:23:06,9
2002-12-20,648 RIVERSIDE RD,VALIN MARY A,,,$10,,,,,,,,,,,,,,,,,,,,,,,,,,,,,https://pbcpao.gov/AdvSearch/GetSalesSearch#,2025-11-24 14:23:06,9
"$425,000",,NORTH PALM BEACH,,,,,,,,,,,,,,,,,,,,,,,,,,,,,,,,https://pbcpao.gov/AdvSearch/GetSalesSearch#,2025-11-24 14:23:06,9
"$2,775,000",789 HARBOUR ISLES CT,VICKAR L KERRY,,,,,,,,,,,,,,,,,,,,,,,,,,,,,,,,https://pbcpao.gov/AdvSearch/GetSalesSearch#,2025-11-24 14:23:06,9
"$2,000,000",,NORTH PALM BEACH,,,,,,,,,,,,,,,,,,,,,,,,,,,,,,,,https://pbcpao.gov/AdvSearch/GetSalesSearch#,2025-11-24 14:23:06,9
2025-10-01,VILLABLANCA JAIME G TRUST &,NORTH PALM BEACH,,,$10,,,,,,,,,,,,,,,,,,,,,,,,,,,,,https://pbcpao.gov/AdvSearch/GetSalesSearch#,2025-11-24 14:23:06,9
"$675,000",800 HARBOUR ISLES CT,VIRALAM SETTY G,,,,,,,,,,,,,,,,,,,,,,,,,,,,,,,,https://pbcpao.gov/AdvSearch/GetSalesSearch#,2025-11-24 14:23:06,9
2003-03-19,100 DAVIT DR,NORTH PALM BEACH,,,$0,,,,,,,,,,,,,,,,,,,,,,,,,,,,,https://pbcpao.gov/AdvSearch/GetSalesSearch#,2025-11-24 14:23:06,9
"$8,780,000",AUSTIN TX 78733 3264,VOUDOURIS FUCHSIA LLC,,,,,,,,,,,,,,,,,,,,,,,,,,,,,,,,https://pbcpao.gov/AdvSearch/GetSalesSearch#,2025-11-24 14:23:06,9
"$1,725,000",PALM BEACH GARDENS FL 33410 4217,NORTH PALM BEACH,,,,,,,,,,,,,,,,,,,,,,,,,,,,,,,,https://pbcpao.gov/AdvSearch/GetSalesSearch#,2025-11-24 14:23:06,9
"$5,990,000",PALM BEACH GARDENS FL 33410 4417,NORTH PALM BEACH,,,,,,,,,,,,,,,,,,,,,,,,,,,,,,,,https://pbcpao.gov/AdvSearch/GetSalesSearch#,2025-11-24 14:23:06,9
"$2,000,000",107 BOWSPRIT DR,WASIL DEBORAH A,,,,,,,,,,,,,,,,,,,,,,,,,,,,,,,,https://pbcpao.gov/AdvSearch/GetSalesSearch#,2025-11-24 14:23:06,9
"$295,000",PALM BEACH GARDENS FL 33410 4408,NORTH PALM BEACH,,,,,,,,,,,,,,,,,,,,,,,,,,,,,,,,https://pbcpao.gov/AdvSearch/GetSalesSearch#,2025-11-24 14:23:07,9
"$3,600,000",WEBSTER MARION,NORTH PALM BEACH,,,,,,,,,,,,,,,,,,,,,,,,,,,,,,,,https://pbcpao.gov/AdvSearch/GetSalesSearch#,2025-11-24 14:23:07,9
"$2,250,000",,NORTH PALM BEACH,,,,,,,,,,,,,,,,,,,,,,,,,,,,,,,,https://pbcpao.gov/AdvSearch/GetSalesSearch#,2025-11-24 14:23:07,9
"$3,825,000",,NORTH PALM BEACH,,,,,,,,,,,,,,,,,,,,,,,,,,,,,,,,https://pbcpao.gov/AdvSearch/GetSalesSearch#,2025-11-24 14:23:07,9
"$5,600,000",5302 GRAND LAKE ST,NORTH PALM BEACH,,,,,,,,,,,,,,,,,,,,,,,,,,,,,,,,https://pbcpao.gov/AdvSearch/GetSalesSearch#,2025-11-24 14:23:07,9
"$2,390,000",PALM BEACH GARDENS FL 33410 3231,WRIGHT JOSEPH J,,,,,,,,,,,,,,,,,,,,,,,,,,,,,,,,https://pbcpao.gov/AdvSearch/GetSalesSearch#,2025-11-24 14:23:07,9
2007-12-11,PALM BEACH GARDENS FL 33410 3231,WRIGHT JOSEPH J,,,$10,,,,,,,,,,,,,,,,,,,,,,,,,,,,,https://pbcpao.gov/AdvSearch/GetSalesSearch#,2025-11-24 14:23:07,9
2021-12-29,508 ANCHORAGE DR,WYANT CORTEZ V CLAIRE,,,$10,,,,,,,,,,,,,,,,,,,,,,,,,,,,,https://pbcpao.gov/AdvSearch/GetSalesSearch#,2025-11-24 14:23:07,9
2013-04-05,866 LAKESIDE DR,NORTH PALM BEACH,,,$10,,,,,,,,,,,,,,,,,,,,,,,,,,,,,https://pbcpao.gov/AdvSearch/GetSalesSearch#,2025-11-24 14:23:07,9
"$3,080,000",PALM BEACH GARDENS FL 33410 4417,NORTH PALM BEACH,,,,,,,,,,,,,,,,,,,,,,,,,,,,,,,,https://pbcpao.gov/AdvSearch/GetSalesSearch#,2025-11-24 14:23:07,9
"$4,000,000",648 RIVERSIDE RD,NORTH PALM BEACH,,,,,,,,,,,,,,,,,,,,,,,,,,,,,,,,https://pbcpao.gov/AdvSearch/GetSalesSearch#,2025-11-24 14:23:07,9
"$64,500",624 SHORE RD,NORTH PALM BEACH,,,,,,,,,,,,,,,,,,,,,,,,,,,,,,,,https://pbcpao.gov/AdvSearch/GetSalesSearch#,2025-11-24 14:23:07,9
"$82,500",COSTA MESA CA 92626 4624,NORTH PALM BEACH,,,,,,,,,,,,,,,,,,,,,,,,,,,,,,,,https://pbcpao.gov/AdvSearch/GetSalesSearch#,2025-11-24 14:23:07,9
"$20,000",649 RIVERSIDE RD,NORTH PALM BEACH,,,,,,,,,,,,,,,,,,,,,,,,,,,,,,,,https://pbcpao.gov/AdvSearch/GetSalesSearch#,2025-11-24 14:23:07,9
"$26,000",617 KINGFISH RD,NORTH PALM BEACH,,,,,,,,,,,,,,,,,,,,,,,,,,,,,,,,https://pbcpao.gov/AdvSearch/GetSalesSearch#,2025-11-24 14:23:07,9
"$30,000",788 LAKESIDE DR,NORTH PALM BEACH,,,,,,,,,,,,,,,,,,,,,,,,,,,,,,,,https://pbcpao.gov/AdvSearch/GetSalesSearch#,2025-11-24 14:23:07,9
"$47,500",617 KINGFISH RD,NORTH PALM BEACH,,,,,,,,,,,,,,,,,,,,,,,,,,,,,,,,https://pbcpao.gov/AdvSearch/GetSalesSearch#,2025-11-24 14:23:07,9
"$70,300",624 SHORE RD,NORTH PALM BEACH,,,,,,,,,,,,,,,,,,,,,,,,,,,,,,,,https://pbcpao.gov/AdvSearch/GetSalesSearch#,2025-11-24 14:23:08,9
"$90,000",COSTA MESA CA 92626 4624,NORTH PALM BEACH,,,,,,,,,,,,,,,,,,,,,,,,,,,,,,,,https://pbcpao.gov/AdvSearch/GetSalesSearch#,2025-11-24 14:23:08,9
"$118,000",,NORTH PALM BEACH,,,,,,,,,,,,,,,,,,,,,,,,,,,,,,,,https://pbcpao.gov/AdvSearch/GetSalesSearch#,2025-11-24 14:23:08,9
"$130,000",249 PERUVIAN AVE STE F2,NORTH PALM BEACH,,,,,,,,,,,,,,,,,,,,,,,,,,,,,,,,https://pbcpao.gov/AdvSearch/GetSalesSearch#,2025-11-24 14:23:08,9
"$110,000",878 LAKESIDE DR,NORTH PALM BEACH,,,,,,,,,,,,,,,,,,,,,,,,,,,,,,,,https://pbcpao.gov/AdvSearch/GetSalesSearch#,2025-11-24 14:23:08,9
"$52,000",1132 COUNTRY CLUB DR,NORTH PALM BEACH,,,,,,,,,,,,,,,,,,,,,,,,,,,,,,,,https://pbcpao.gov/AdvSearch/GetSalesSearch#,2025-11-24 14:23:08,9
"$125,000",818 LAKESIDE DR,NORTH PALM BEACH,,,,,,,,,,,,,,,,,,,,,,,,,,,,,,,,https://pbcpao.gov/AdvSearch/GetSalesSearch#,2025-11-24 14:23:08,9
1977-01-01,800 RED MILLS RD,NORTH PALM BEACH,,,$100,,,,,,,,,,,,,,,,,,,,,,,,,,,,,https://pbcpao.gov/AdvSearch/GetSalesSearch#,2025-11-24 14:23:08,9
"$115,000",WEST PALM BEACH FL 33401 5308,NORTH PALM BEACH,,,,,,,,,,,,,,,,,,,,,,,,,,,,,,,,https://pbcpao.gov/AdvSearch/GetSalesSearch#,2025-11-24 14:23:08,9
"$155,000",812 LAKESIDE DR,NORTH PALM BEACH,,,,,,,,,,,,,,,,,,,,,,,,,,,,,,,,https://pbcpao.gov/AdvSearch/GetSalesSearch#,2025-11-24 14:23:08,9
"$165,500",754 LAKESIDE DR,NORTH PALM BEACH,,,,,,,,,,,,,,,,,,,,,,,,,,,,,,,,https://pbcpao.gov/AdvSearch/GetSalesSearch#,2025-11-24 14:23:08,9
"$84,000",737 WATERWAY DR,NORTH PALM BEACH,,,,,,,,,,,,,,,,,,,,,,,,,,,,,,,,https://pbcpao.gov/AdvSearch/GetSalesSearch#,2025-11-24 14:23:08,9
"$127,500",PALM BEACH GARDENS FL 33410 4217,NORTH PALM BEACH,,,,,,,,,,,,,,,,,,,,,,,,,,,,,,,,https://pbcpao.gov/AdvSearch/GetSalesSearch#,2025-11-24 14:23:08,9
"$175,000",WEST PALM BEACH FL 33407 2954,NORTH PALM BEACH,,,,,,,,,,,,,,,,,,,,,,,,,,,,,,,,https://pbcpao.gov/AdvSearch/GetSalesSearch#,2025-11-24 14:23:08,9
"$295,000",654 SHORE RD,NORTH PALM BEACH,,,,,,,,,,,,,,,,,,,,,,,,,,,,,,,,https://pbcpao.gov/AdvSearch/GetSalesSearch#,2025-11-24 14:23:08,9
"$100,000",124 DAVIT DR,NORTH PALM BEACH,,,,,,,,,,,,,,,,,,,,,,,,,,,,,,,,https://pbcpao.gov/AdvSearch/GetSalesSearch#,2025-11-24 14:23:08,9
"$102,500",112 EBBTIDE DR,NORTH PALM BEACH,,,,,,,,,,,,,,,,,,,,,,,,,,,,,,,,https://pbcpao.gov/AdvSearch/GetSalesSearch#,2025-11-24 14:23:08,9
"$105,000",617 KINGFISH RD,NORTH PALM BEACH,,,,,,,,,,,,,,,,,,,,,,,,,,,,,,,,https://pbcpao.gov/AdvSearch/GetSalesSearch#,2025-11-24 14:23:22,10
"$125,000",107 DAVIT DR,NORTH PALM BEACH,,,,,,,,,,,,,,,,,,,,,,,,,,,,,,,,https://pbcpao.gov/AdvSearch/GetSalesSearch#,2025-11-24 14:23:22,10
"$125,000",737 WATERWAY DR,NORTH PALM BEACH,,,,,,,,,,,,,,,,,,,,,,,,,,,,,,,,https://pbcpao.gov/AdvSearch/GetSalesSearch#,2025-11-24 14:23:22,10
"$176,000",106 DAVIT DR,NORTH PALM BEACH,,,,,,,,,,,,,,,,,,,,,,,,,,,,,,,,https://pbcpao.gov/AdvSearch/GetSalesSearch#,2025-11-24 14:23:22,10
"$185,000",100 DAVIT DR,NORTH PALM BEACH,,,,,,,,,,,,,,,,,,,,,,,,,,,,,,,,https://pbcpao.gov/AdvSearch/GetSalesSearch#,2025-11-24 14:23:22,10
"$262,000",766 LAKESIDE DR,NORTH PALM BEACH,,,,,,,,,,,,,,,,,,,,,,,,,,,,,,,,https://pbcpao.gov/AdvSearch/GetSalesSearch#,2025-11-24 14:23:22,10
"$95,000",119 DAVIT DR,NORTH PALM BEACH,,,,,,,,,,,,,,,,,,,,,,,,,,,,,,,,https://pbcpao.gov/AdvSearch/GetSalesSearch#,2025-11-24 14:23:23,10
"$140,000",100 EBBTIDE DR,NORTH PALM BEACH,,,,,,,,,,,,,,,,,,,,,,,,,,,,,,,,https://pbcpao.gov/AdvSearch/GetSalesSearch#,2025-11-24 14:23:23,10
"$140,000",107 EBBTIDE DR,NORTH PALM BEACH,,,,,,,,,,,,,,,,,,,,,,,,,,,,,,,,https://pbcpao.gov/AdvSearch/GetSalesSearch#,2025-11-24 14:23:23,10
"$160,000",101 DAVIT DR,NORTH PALM BEACH,,,,,,,,,,,,,,,,,,,,,,,,,,,,,,,,https://pbcpao.gov/AdvSearch/GetSalesSearch#,2025-11-24 14:23:23,10
"$160,000",101 EBBTIDE DR,NORTH PALM BEACH,,,,,,,,,,,,,,,,,,,,,,,,,,,,,,,,https://pbcpao.gov/AdvSearch/GetSalesSearch#,2025-11-24 14:23:23,10
"$285,000",754 LAKESIDE DR,NORTH PALM BEACH,,,,,,,,,,,,,,,,,,,,,,,,,,,,,,,,https://pbcpao.gov/AdvSearch/GetSalesSearch#,2025-11-24 14:23:23,10
"$355,000",654 SHORE RD,NORTH PALM BEACH,,,,,,,,,,,,,,,,,,,,,,,,,,,,,,,,https://pbcpao.gov/AdvSearch/GetSalesSearch#,2025-11-24 14:23:23,10
"$185,000",107 BOWSPRIT DR,NORTH PALM BEACH,,,,,,,,,,,,,,,,,,,,,,,,,,,,,,,,https://pbcpao.gov/AdvSearch/GetSalesSearch#,2025-11-24 14:23:23,10
"$240,000",100 DAVIT DR,NORTH PALM BEACH,,,,,,,,,,,,,,,,,,,,,,,,,,,,,,,,https://pbcpao.gov/AdvSearch/GetSalesSearch#,2025-11-24 14:23:23,10
"$110,000",125 EBBTIDE DR,NORTH PALM BEACH,,,,,,,,,,,,,,,,,,,,,,,,,,,,,,,,https://pbcpao.gov/AdvSearch/GetSalesSearch#,2025-11-24 14:23:23,10
"$395,000",1132 COUNTRY CLUB DR,NORTH PALM BEACH,,,,,,,,,,,,,,,,,,,,,,,,,,,,,,,,https://pbcpao.gov/AdvSearch/GetSalesSearch#,2025-11-24 14:23:23,10
"$1,070,000",100 BOWSPRIT DR,NORTH PALM BEACH,,,,,,,,,,,,,,,,,,,,,,,,,,,,,,,,https://pbcpao.gov/AdvSearch/GetSalesSearch#,2025-11-24 14:23:23,10
"$250,000",101 BOWSPRIT DR,NORTH PALM BEACH,,,,,,,,,,,,,,,,,,,,,,,,,,,,,,,,https://pbcpao.gov/AdvSearch/GetSalesSearch#,2025-11-24 14:23:23,10
"$435,000",654 SHORE RD,NORTH PALM BEACH,,,,,,,,,,,,,,,,,,,,,,,,,,,,,,,,https://pbcpao.gov/AdvSearch/GetSalesSearch#,2025-11-24 14:23:23,10
"$620,000",,NORTH PALM BEACH,,,,,,,,,,,,,,,,,,,,,,,,,,,,,,,,https://pbcpao.gov/AdvSearch/GetSalesSearch#,2025-11-24 14:23:23,10
"$120,000",119 DAVIT DR,NORTH PALM BEACH,,,,,,,,,,,,,,,,,,,,,,,,,,,,,,,,https://pbcpao.gov/AdvSearch/GetSalesSearch#,2025-11-24 14:23:24,10
"$495,000",649 RIVERSIDE RD,NORTH PALM BEACH,,,,,,,,,,,,,,,,,,,,,,,,,,,,,,,,https://pbcpao.gov/AdvSearch/GetSalesSearch#,2025-11-24 14:23:24,10
"$250,000",101 EBBTIDE DR,NORTH PALM BEACH,,,,,,,,,,,,,,,,,,,,,,,,,,,,,,,,https://pbcpao.gov/AdvSearch/GetSalesSearch#,2025-11-24 14:23:24,10
"$340,000",818 LAKESIDE DR,NORTH PALM BEACH,,,,,,,,,,,,,,,,,,,,,,,,,,,,,,,,https://pbcpao.gov/AdvSearch/GetSalesSearch#,2025-11-24 14:23:24,10
"$185,000",107 DAVIT DR,NORTH PALM BEACH,,,,,,,,,,,,,,,,,,,,,,,,,,,,,,,,https://pbcpao.gov/AdvSearch/GetSalesSearch#,2025-11-24 14:23:24,10
"$210,000",WEST PALM BEACH FL 33407 2954,NORTH PALM BEACH,,,,,,,,,,,,,,,,,,,,,,,,,,,,,,,,https://pbcpao.gov/AdvSearch/GetSalesSearch#,2025-11-24 14:23:24,10
"$380,000",766 LAKESIDE DR,NORTH PALM BEACH,,,,,,,,,,,,,,,,,,,,,,,,,,,,,,,,https://pbcpao.gov/AdvSearch/GetSalesSearch#,2025-11-24 14:23:24,10
"$449,000",107 BOWSPRIT DR,NORTH PALM BEACH,,,,,,,,,,,,,,,,,,,,,,,,,,,,,,,,https://pbcpao.gov/AdvSearch/GetSalesSearch#,2025-11-24 14:23:24,10
"$310,500",100 BOWSPRIT DR,NORTH PALM BEACH,,,,,,,,,,,,,,,,,,,,,,,,,,,,,,,,https://pbcpao.gov/AdvSearch/GetSalesSearch#,2025-11-24 14:23:24,10
"$359,300",1132 COUNTRY CLUB DR,NORTH PALM BEACH,,,,,,,,,,,,,,,,,,,,,,,,,,,,,,,,https://pbcpao.gov/AdvSearch/GetSalesSearch#,2025-11-24 14:23:24,10
"$625,000",16201 E MAIN ST,NORTH PALM BEACH,,,,,,,,,,,,,,,,,,,,,,,,,,,,,,,,https://pbcpao.gov/AdvSearch/GetSalesSearch#,2025-11-24 14:23:24,10
"$205,000",107 DAVIT DR,NORTH PALM BEACH,,,,,,,,,,,,,,,,,,,,,,,,,,,,,,,,https://pbcpao.gov/AdvSearch/GetSalesSearch#,2025-11-24 14:23:24,10
"$355,000",101 EBBTIDE DR,NORTH PALM BEACH,,,,,,,,,,,,,,,,,,,,,,,,,,,,,,,,https://pbcpao.gov/AdvSearch/GetSalesSearch#,2025-11-24 14:23:25,10
"$345,000",101 BOWSPRIT DR,NORTH PALM BEACH,,,,,,,,,,,,,,,,,,,,,,,,,,,,,,,,https://pbcpao.gov/AdvSearch/GetSalesSearch#,2025-11-24 14:23:25,10
"$490,000",PALM BEACH GARDENS FL 33410 4217,NORTH PALM BEACH,,,,,,,,,,,,,,,,,,,,,,,,,,,,,,,,https://pbcpao.gov/AdvSearch/GetSalesSearch#,2025-11-24 14:23:25,10
"$595,000",108 S ANCHORAGE DR S,NORTH PALM BEACH,,,,,,,,,,,,,,,,,,,,,,,,,,,,,,,,https://pbcpao.gov/AdvSearch/GetSalesSearch#,2025-11-24 14:23:25,10
"$163,000",125 EBBTIDE DR,NORTH PALM BEACH,,,,,,,,,,,,,,,,,,,,,,,,,,,,,,,,https://pbcpao.gov/AdvSearch/GetSalesSearch#,2025-11-24 14:23:25,10
"$369,000",249 PERUVIAN AVE STE F2,NORTH PALM BEACH,,,,,,,,,,,,,,,,,,,,,,,,,,,,,,,,https://pbcpao.gov/AdvSearch/GetSalesSearch#,2025-11-24 14:23:25,10
"$400,000",818 LAKESIDE DR,NORTH PALM BEACH,,,,,,,,,,,,,,,,,,,,,,,,,,,,,,,,https://pbcpao.gov/AdvSearch/GetSalesSearch#,2025-11-24 14:23:25,10
"$370,000",654 SHORE RD,NORTH PALM BEACH,,,,,,,,,,,,,,,,,,,,,,,,,,,,,,,,https://pbcpao.gov/AdvSearch/GetSalesSearch#,2025-11-24 14:23:25,10
1985-11-01,788 LAKESIDE DR,NORTH PALM BEACH,,,$100,,,,,,,,,,,,,,,,,,,,,,,,,,,,,https://pbcpao.gov/AdvSearch/GetSalesSearch#,2025-11-24 14:23:25,10
1985-12-01,,NORTH PALM BEACH,,,$100,,,,,,,,,,,,,,,,,,,,,,,,,,,,,https://pbcpao.gov/AdvSearch/GetSalesSearch#,2025-11-24 14:23:25,10
"$199,000",737 WATERWAY DR,NORTH PALM BEACH,,,,,,,,,,,,,,,,,,,,,,,,,,,,,,,,https://pbcpao.gov/AdvSearch/GetSalesSearch#,2025-11-24 14:23:25,10
"$625,000",108 S ANCHORAGE DR S,NORTH PALM BEACH,,,,,,,,,,,,,,,,,,,,,,,,,,,,,,,,https://pbcpao.gov/AdvSearch/GetSalesSearch#,2025-11-24 14:23:25,10
1986-07-01,,NORTH PALM BEACH,,,$100,,,,,,,,,,,,,,,,,,,,,,,,,,,,,https://pbcpao.gov/AdvSearch/GetSalesSearch#,2025-11-24 14:23:25,10
"$135,000",,NORTH PALM BEACH,,,,,,,,,,,,,,,,,,,,,,,,,,,,,,,,https://pbcpao.gov/AdvSearch/GetSalesSearch#,2025-11-24 14:23:25,10
"$275,000",38 STATION RD,NORTH PALM BEACH,,,,,,,,,,,,,,,,,,,,,,,,,,,,,,,,https://pbcpao.gov/AdvSearch/GetSalesSearch#,2025-11-24 14:23:25,10
"$460,000",101 EBBTIDE DR,NORTH PALM BEACH,,,,,,,,,,,,,,,,,,,,,,,,,,,,,,,,https://pbcpao.gov/AdvSearch/GetSalesSearch#,2025-11-24 14:23:25,10
"$695,000",101 DAVIT DR,NORTH PALM BEACH,,,,,,,,,,,,,,,,,,,,,,,,,,,,,,,,https://pbcpao.gov/AdvSearch/GetSalesSearch#,2025-11-24 14:23:25,10
"$410,000",818 LAKESIDE DR,NORTH PALM BEACH,,,,,,,,,,,,,,,,,,,,,,,,,,,,,,,,https://pbcpao.gov/AdvSearch/GetSalesSearch#,2025-11-24 14:23:42,11
1987-03-01,800 RED MILLS RD,NORTH PALM BEACH,,,$100,,,,,,,,,,,,,,,,,,,,,,,,,,,,,https://pbcpao.gov/AdvSearch/GetSalesSearch#,2025-11-24 14:23:43,11
1987-05-01,1132 COUNTRY CLUB DR,NORTH PALM BEACH,,,$100,,,,,,,,,,,,,,,,,,,,,,,,,,,,,https://pbcpao.gov/AdvSearch/GetSalesSearch#,2025-11-24 14:23:43,11
"$195,300",824 SHORE DR,NORTH PALM BEACH,,,,,,,,,,,,,,,,,,,,,,,,,,,,,,,,https://pbcpao.gov/AdvSearch/GetSalesSearch#,2025-11-24 14:23:43,11
"$302,500",830 LAKESIDE DR,NORTH PALM BEACH,,,,,,,,,,,,,,,,,,,,,,,,,,,,,,,,https://pbcpao.gov/AdvSearch/GetSalesSearch#,2025-11-24 14:23:43,11
"$410,000",812 LAKESIDE DR,NORTH PALM BEACH,,,,,,,,,,,,,,,,,,,,,,,,,,,,,,,,https://pbcpao.gov/AdvSearch/GetSalesSearch#,2025-11-24 14:23:43,11
"$227,000",125 EBBTIDE DR,NORTH PALM BEACH,,,,,,,,,,,,,,,,,,,,,,,,,,,,,,,,https://pbcpao.gov/AdvSearch/GetSalesSearch#,2025-11-24 14:23:43,11
"$502,000",101 BOWSPRIT DR,NORTH PALM BEACH,,,,,,,,,,,,,,,,,,,,,,,,,,,,,,,,https://pbcpao.gov/AdvSearch/GetSalesSearch#,2025-11-24 14:23:43,11
"$530,000",PALM BEACH GARDENS FL 33410 4217,NORTH PALM BEACH,,,,,,,,,,,,,,,,,,,,,,,,,,,,,,,,https://pbcpao.gov/AdvSearch/GetSalesSearch#,2025-11-24 14:23:43,11
"$227,000",125 EBBTIDE DR,NORTH PALM BEACH,,,,,,,,,,,,,,,,,,,,,,,,,,,,,,,,https://pbcpao.gov/AdvSearch/GetSalesSearch#,2025-11-24 14:23:43,11
"$900,000",108 S ANCHORAGE DR S,NORTH PALM BEACH,,,,,,,,,,,,,,,,,,,,,,,,,,,,,,,,https://pbcpao.gov/AdvSearch/GetSalesSearch#,2025-11-24 14:23:43,11
"$560,000",107 DAVIT DR,NORTH PALM BEACH,,,,,,,,,,,,,,,,,,,,,,,,,,,,,,,,https://pbcpao.gov/AdvSearch/GetSalesSearch#,2025-11-24 14:23:43,11
"$312,000",624 SHORE RD,NORTH PALM BEACH,,,,,,,,,,,,,,,,,,,,,,,,,,,,,,,,https://pbcpao.gov/AdvSearch/GetSalesSearch#,2025-11-24 14:23:43,11
1989-08-01,878 LAKESIDE DR,NORTH PALM BEACH,,,$100,,,,,,,,,,,,,,,,,,,,,,,,,,,,,https://pbcpao.gov/AdvSearch/GetSalesSearch#,2025-11-24 14:23:44,11
1989-12-01,PALM BEACH GARDENS FL 33410 4217,NORTH PALM BEACH,,,$100,,,,,,,,,,,,,,,,,,,,,,,,,,,,,https://pbcpao.gov/AdvSearch/GetSalesSearch#,2025-11-24 14:23:44,11
"$475,000",766 LAKESIDE DR,NORTH PALM BEACH,,,,,,,,,,,,,,,,,,,,,,,,,,,,,,,,https://pbcpao.gov/AdvSearch/GetSalesSearch#,2025-11-24 14:23:44,11
1990-06-01,249 PERUVIAN AVE STE F2,NORTH PALM BEACH,,,$100,,,,,,,,,,,,,,,,,,,,,,,,,,,,,https://pbcpao.gov/AdvSearch/GetSalesSearch#,2025-11-24 14:23:44,11
1990-06-01,713 WATERWAY DR,NORTH PALM BEACH,,,$100,,,,,,,,,,,,,,,,,,,,,,,,,,,,,https://pbcpao.gov/AdvSearch/GetSalesSearch#,2025-11-24 14:23:44,11
"$380,000",1009 COUNTRY CLUB DR,NORTH PALM BEACH,,,,,,,,,,,,,,,,,,,,,,,,,,,,,,,,https://pbcpao.gov/AdvSearch/GetSalesSearch#,2025-11-24 14:23:44,11
1991-04-01,751 HUMMINGBIRD WAY 1,NORTH PALM BEACH,,,$100,,,,,,,,,,,,,,,,,,,,,,,,,,,,,https://pbcpao.gov/AdvSearch/GetSalesSearch#,2025-11-24 14:23:44,11
1991-08-01,,NORTH PALM BEACH,,,$100,,,,,,,,,,,,,,,,,,,,,,,,,,,,,https://pbcpao.gov/AdvSearch/GetSalesSearch#,2025-11-24 14:23:44,11
"$410,000",112 EBBTIDE DR,NORTH PALM BEACH,,,,,,,,,,,,,,,,,,,,,,,,,,,,,,,,https://pbcpao.gov/AdvSearch/GetSalesSearch#,2025-11-24 14:23:44,11
1991-12-01,818 LAKESIDE DR,NORTH PALM BEACH,,,$100,,,,,,,,,,,,,,,,,,,,,,,,,,,,,https://pbcpao.gov/AdvSearch/GetSalesSearch#,2025-11-24 14:23:44,11
"$230,000",,NORTH PALM BEACH,,,,,,,,,,,,,,,,,,,,,,,,,,,,,,,,https://pbcpao.gov/AdvSearch/GetSalesSearch#,2025-11-24 14:23:44,11
1993-05-01,751 HUMMINGBIRD WAY 1,NORTH PALM BEACH,,,$100,,,,,,,,,,,,,,,,,,,,,,,,,,,,,https://pbcpao.gov/AdvSearch/GetSalesSearch#,2025-11-24 14:23:44,11
"$140,100",800 RED MILLS RD,NORTH PALM BEACH,,,,,,,,,,,,,,,,,,,,,,,,,,,,,,,,https://pbcpao.gov/AdvSearch/GetSalesSearch#,2025-11-24 14:23:44,11
1993-09-01,1132 COUNTRY CLUB DR,NORTH PALM BEACH,,,$100,,,,,,,,,,,,,,,,,,,,,,,,,,,,,https://pbcpao.gov/AdvSearch/GetSalesSearch#,2025-11-24 14:23:44,11
"$1,660,000",101 BOWSPRIT DR,NORTH PALM BEACH,,,,,,,,,,,,,,,,,,,,,,,,,,,,,,,,https://pbcpao.gov/AdvSearch/GetSalesSearch#,2025-11-24 14:23:44,11
"$240,000",800 RED MILLS RD,NORTH PALM BEACH,,,,,,,,,,,,,,,,,,,,,,,,,,,,,,,,https://pbcpao.gov/AdvSearch/GetSalesSearch#,2025-11-24 14:23:44,11
1994-02-01,107 BOWSPRIT DR,NORTH PALM BEACH,,,$100,,,,,,,,,,,,,,,,,,,,,,,,,,,,,https://pbcpao.gov/AdvSearch/GetSalesSearch#,2025-11-24 14:23:44,11
1994-05-01,527 N SWINTON AVE,NORTH PALM BEACH,,,$100,,,,,,,,,,,,,,,,,,,,,,,,,,,,,https://pbcpao.gov/AdvSearch/GetSalesSearch#,2025-11-24 14:23:44,11
1994-08-01,125 EBBTIDE DR,NORTH PALM BEACH,,,$100,,,,,,,,,,,,,,,,,,,,,,,,,,,,,https://pbcpao.gov/AdvSearch/GetSalesSearch#,2025-11-24 14:23:45,11
"$475,000",878 LAKESIDE DR,NORTH PALM BEACH,,,,,,,,,,,,,,,,,,,,,,,,,,,,,,,,https://pbcpao.gov/AdvSearch/GetSalesSearch#,2025-11-24 14:23:45,11
"$220,000",,NORTH PALM BEACH,,,,,,,,,,,,,,,,,,,,,,,,,,,,,,,,https://pbcpao.gov/AdvSearch/GetSalesSearch#,2025-11-24 14:23:45,11
"$250,000",125 EBBTIDE DR,NORTH PALM BEACH,,,,,,,,,,,,,,,,,,,,,,,,,,,,,,,,https://pbcpao.gov/AdvSearch/GetSalesSearch#,2025-11-24 14:23:45,11
"$265,000",PALM BEACH GARDENS FL 33410 3416,NORTH PALM BEACH,,,,,,,,,,,,,,,,,,,,,,,,,,,,,,,,https://pbcpao.gov/AdvSearch/GetSalesSearch#,2025-11-24 14:23:45,11
1995-05-01,WEST PALM BEACH FL 33407 2954,NORTH PALM BEACH,,,$100,,,,,,,,,,,,,,,,,,,,,,,,,,,,,https://pbcpao.gov/AdvSearch/GetSalesSearch#,2025-11-24 14:23:45,11
"$542,000",654 SHORE RD,NORTH PALM BEACH,,,,,,,,,,,,,,,,,,,,,,,,,,,,,,,,https://pbcpao.gov/AdvSearch/GetSalesSearch#,2025-11-24 14:23:45,11
"$88,000",WEST PALM BEACH FL 33407 2954,NORTH PALM BEACH,,,,,,,,,,,,,,,,,,,,,,,,,,,,,,,,https://pbcpao.gov/AdvSearch/GetSalesSearch#,2025-11-24 14:23:45,11
"$393,500",754 LAKESIDE DR,NORTH PALM BEACH,,,,,,,,,,,,,,,,,,,,,,,,,,,,,,,,https://pbcpao.gov/AdvSearch/GetSalesSearch#,2025-11-24 14:23:45,11
1996-07-01,1132 COUNTRY CLUB DR,NORTH PALM BEACH,,,$100,,,,,,,,,,,,,,,,,,,,,,,,,,,,,https://pbcpao.gov/AdvSearch/GetSalesSearch#,2025-11-24 14:23:45,11
"$425,000",654 RIVERSIDE RD,NORTH PALM BEACH,,,,,,,,,,,,,,,,,,,,,,,,,,,,,,,,https://pbcpao.gov/AdvSearch/GetSalesSearch#,2025-11-24 14:23:45,11
"$252,000",924 SHORE DR,NORTH PALM BEACH,,,,,,,,,,,,,,,,,,,,,,,,,,,,,,,,https://pbcpao.gov/AdvSearch/GetSalesSearch#,2025-11-24 14:23:45,11
"$520,000",818 LAKESIDE DR,NORTH PALM BEACH,,,,,,,,,,,,,,,,,,,,,,,,,,,,,,,,https://pbcpao.gov/AdvSearch/GetSalesSearch#,2025-11-24 14:23:45,11
1997-11-01,124 DAVIT DR,NORTH PALM BEACH,,,$100,,,,,,,,,,,,,,,,,,,,,,,,,,,,,https://pbcpao.gov/AdvSearch/GetSalesSearch#,2025-11-24 14:23:45,11
"$1,750,000",100 BOWSPRIT DR,NORTH PALM BEACH,,,,,,,,,,,,,,,,,,,,,,,,,,,,,,,,https://pbcpao.gov/AdvSearch/GetSalesSearch#,2025-11-24 14:23:45,11
1998-08-01,,NORTH PALM BEACH,,,$100,,,,,,,,,,,,,,,,,,,,,,,,,,,,,https://pbcpao.gov/AdvSearch/GetSalesSearch#,2025-11-24 14:23:45,11
1999-04-01,,NORTH PALM BEACH,,,$100,,,,,,,,,,,,,,,,,,,,,,,,,,,,,https://pbcpao.gov/AdvSearch/GetSalesSearch#,2025-11-24 14:23:46,11
"$1,140,000",,NORTH PALM BEACH,,,,,,,,,,,,,,,,,,,,,,,,,,,,,,,,https://pbcpao.gov/AdvSearch/GetSalesSearch#,2025-11-24 14:23:46,11
"$725,000",108 S ANCHORAGE DR S,NORTH PALM BEACH,,,,,,,,,,,,,,,,,,,,,,,,,,,,,,,,https://pbcpao.gov/AdvSearch/GetSalesSearch#,2025-11-24 14:23:46,11
"$825,000",108 S ANCHORAGE DR S,NORTH PALM BEACH,,,,,,,,,,,,,,,,,,,,,,,,,,,,,,,,https://pbcpao.gov/AdvSearch/GetSalesSearch#,2025-11-24 14:24:09,12
"$150,000",,NORTH PALM BEACH,,,,,,,,,,,,,,,,,,,,,,,,,,,,,,,,https://pbcpao.gov/AdvSearch/GetSalesSearch#,2025-11-24 14:24:10,12
"$449,900",119 DAVIT DR,NORTH PALM BEACH,,,,,,,,,,,,,,,,,,,,,,,,,,,,,,,,https://pbcpao.gov/AdvSearch/GetSalesSearch#,2025-11-24 14:24:10,12
1999-07-01,754 LAKESIDE DR,NORTH PALM BEACH,,,$100,,,,,,,,,,,,,,,,,,,,,,,,,,,,,https://pbcpao.gov/AdvSearch/GetSalesSearch#,2025-11-24 14:24:10,12
"$525,000",5601 WINDHOVER DR,NORTH PALM BEACH,,,,,,,,,,,,,,,,,,,,,,,,,,,,,,,,https://pbcpao.gov/AdvSearch/GetSalesSearch#,2025-11-24 14:24:10,12
2000-01-27,,NORTH PALM BEACH,,,$0,,,,,,,,,,,,,,,,,,,,,,,,,,,,,https://pbcpao.gov/AdvSearch/GetSalesSearch#,2025-11-24 14:24:11,12
